id,radar,time,average,max,install,site
0,1,09-11-2021 0:00,45.5418879576532,65.26,0,50
1,1,09-11-2021 1:00,44.2989919137466,62.87,0,50
2,1,09-11-2021 2:00,44.4233932584269,74.57,0,50
3,1,09-11-2021 3:00,45.5022999999998,66.85,0,50
4,1,09-11-2021 4:00,46.5881004901961,64.86,0,50
5,1,09-11-2021 5:00,50.7646638655462,67.94,0,50
6,1,09-11-2021 6:00,44.2249681528662,191.13,0,50
7,1,09-11-2021 7:00,40.4785106382978,55.94,0,50
8,1,09-11-2021 8:00,42.1380769230769,58.09,0,50
9,1,09-11-2021 9:00,47.0726315789473,57.58,0,50
10,1,09-11-2021 10:00,54.7036956521739,61.36,0,50
11,1,09-11-2021 11:00,47.9442499999999,58.46,0,50
12,1,09-11-2021 12:00,48.9417223650386,77.75,0,50
13,1,09-11-2021 13:00,48.9295818048422,67.74,0,50
14,1,09-11-2021 14:00,47.1725520602569,64.24,0,50
15,1,09-11-2021 15:00,47.0495289079229,65.46,0,50
16,1,09-11-2021 16:00,43.0042118863049,203.03,0,50
17,1,09-11-2021 17:00,46.78226,62.66,0,50
18,1,09-11-2021 18:00,45.4453403141362,64.39,0,50
19,1,09-11-2021 19:00,43.939093369418,71.5,0,50
20,1,09-11-2021 20:00,45.8588680425266,63.31,0,50
21,1,09-11-2021 21:00,45.4324939320388,76.33,0,50
22,1,09-11-2021 22:00,46.2117794871794,67.62,0,50
23,1,09-11-2021 23:00,46.2575097953853,63.76,0,50
24,1,10-11-2021 0:00,45.3969643556599,65.25,0,50
25,1,10-11-2021 1:00,46.3628610729023,70.12,0,50
26,1,10-11-2021 2:00,46.2726287098727,65.64,0,50
27,1,10-11-2021 3:00,46.9049959049958,67.85,0,50
28,1,10-11-2021 4:00,47.4406858710562,63.29,0,50
29,1,10-11-2021 5:00,47.3281875,63.59,0,50
30,1,10-11-2021 6:00,51.1082442748091,70.01,0,50
31,1,10-11-2021 7:00,46.6724060150376,63.81,0,50
32,1,10-11-2021 8:00,51.727037037037,56.68,0,50
33,1,10-11-2021 9:00,47.7102702702702,51.96,0,50
34,1,10-11-2021 10:00,49.0340789473684,64.56,0,50
35,1,10-11-2021 11:00,43.52675,57.43,0,50
36,1,10-11-2021 12:00,48.4115062287656,66.43,0,50
37,1,10-11-2021 13:00,49.0993051575931,75.83,0,50
38,1,10-11-2021 14:00,47.7385044737963,66.91,0,50
39,1,10-11-2021 15:00,46.7458302583024,69.95,0,50
40,1,10-11-2021 16:00,45.4939999999999,64.76,0,50
41,1,10-11-2021 17:00,44.6703464566929,70.27,0,50
42,1,10-11-2021 18:00,46.264751942618,63.07,0,50
43,1,10-11-2021 19:00,42.6267950693374,63.85,0,50
44,1,10-11-2021 20:00,45.1413606654782,70.5,0,50
45,1,10-11-2021 21:00,44.8051265450263,73.92,0,50
46,1,10-11-2021 22:00,45.3418759852864,66.67,0,50
47,1,10-11-2021 23:00,43.8954997653684,67.26,0,50
48,1,11-11-2021 0:00,45.9410868555505,61.74,0,50
49,1,11-11-2021 1:00,45.7733740831295,65.71,0,50
50,1,11-11-2021 2:00,46.7020110701106,64.2,0,50
51,1,11-11-2021 3:00,46.0449178910976,68.62,0,50
52,1,11-11-2021 4:00,46.2063053722902,63.58,0,50
53,1,11-11-2021 5:00,46.7214196242171,61.01,0,50
54,1,11-11-2021 6:00,46.6520588235294,59.2,0,50
55,1,11-11-2021 7:00,47.1949999999999,59.7,0,50
56,1,11-11-2021 8:00,28.7395833333333,48.85,0,50
57,1,11-11-2021 9:00,49.0918823529411,57.45,0,50
58,1,11-11-2021 10:00,49.6159782608695,56.91,0,50
59,1,11-11-2021 11:00,47.8622068965517,66.47,0,50
60,1,11-11-2021 12:00,50.3804687499999,76.83,0,50
61,1,11-11-2021 13:00,48.5963083451202,79.48,0,50
62,1,11-11-2021 14:00,47.3761935483869,70.48,0,50
63,1,11-11-2021 15:00,45.436051364366,69.73,0,50
64,1,11-11-2021 16:00,43.9561606535058,66.52,0,50
65,1,11-11-2021 17:00,45.4020015822784,61.5,0,50
66,1,11-11-2021 18:00,46.7935700099303,65.39,0,50
67,1,11-11-2021 19:00,46.2627921163772,71.5,0,50
68,1,11-11-2021 20:00,45.7346257404416,65.26,0,50
69,1,11-11-2021 21:00,46.3936618942731,81.05,0,50
70,1,11-11-2021 22:00,44.0942278091329,187.75,0,50
71,1,11-11-2021 23:00,46.3353889199775,70.41,0,50
72,1,12-11-2021 0:00,47.3008670520231,67.03,0,50
73,1,12-11-2021 1:00,46.6137328094302,73.94,0,50
74,1,12-11-2021 2:00,45.1459784075573,65.26,0,50
75,1,12-11-2021 3:00,47.0207256461232,66.6,0,50
76,1,12-11-2021 4:00,47.2827199999999,66.68,0,50
77,1,12-11-2021 5:00,48.7650331125827,66.07,0,50
78,1,12-11-2021 6:00,51.1494964028776,65.49,0,50
79,1,12-11-2021 7:00,42.2398795180723,56.85,0,50
80,1,12-11-2021 8:00,51.867027027027,59.33,0,50
81,1,12-11-2021 9:00,46.5293103448275,49.89,0,50
82,1,12-11-2021 10:00,51.5546808510638,55.97,0,50
83,1,12-11-2021 11:00,48.47225,57.8,0,50
84,1,12-11-2021 12:00,48.0958050221565,72.64,0,50
85,1,12-11-2021 13:00,48.2662421874999,65.9,0,50
86,1,12-11-2021 14:00,47.519289044289,64.8,0,50
87,1,12-11-2021 15:00,47.390341935484,64.49,0,50
88,1,12-11-2021 16:00,46.6602418506835,65.77,0,50
89,1,12-11-2021 17:00,45.7501394538059,65.67,0,50
90,1,12-11-2021 18:00,45.5730177854274,62.92,0,50
91,1,12-11-2021 19:00,46.5942294767162,67.29,0,50
92,1,12-11-2021 20:00,47.3312651265126,65.17,0,50
93,1,12-11-2021 21:00,47.2024619718308,74.64,0,50
94,1,12-11-2021 22:00,46.3186258823529,67.14,0,50
95,1,12-11-2021 23:00,45.9303142019271,69.53,0,50
96,1,13-11-2021 0:00,47.3572032676598,71.63,0,50
97,1,13-11-2021 1:00,45.2683943965516,64.51,0,50
98,1,13-11-2021 2:00,46.7134456355283,62.12,0,50
99,1,13-11-2021 3:00,46.7085357917571,70.1,0,50
100,1,13-11-2021 4:00,47.7829892761393,61.87,0,50
101,1,13-11-2021 5:00,47.6841200828157,64.6,0,50
102,1,13-11-2021 6:00,48.8627314814814,108.5,0,50
103,1,13-11-2021 7:00,51.1555714285714,67.29,0,50
104,1,13-11-2021 8:00,48.505107913669,61.28,0,50
105,1,13-11-2021 9:00,44.2182653061224,55.46,0,50
106,1,13-11-2021 10:00,46.0318181818181,54.76,0,50
107,1,13-11-2021 11:00,45.1445751633986,67.78,0,50
108,1,13-11-2021 12:00,49.2929537366548,75.65,0,50
109,1,13-11-2021 13:00,48.3249999999999,70.61,0,50
110,1,13-11-2021 14:00,45.5161518987341,65.32,0,50
111,1,13-11-2021 15:00,47.3408815672305,69.63,0,50
112,1,13-11-2021 16:00,45.751227892875,64.6,0,50
113,1,13-11-2021 17:00,46.9810671936758,61.71,0,50
114,1,13-11-2021 18:00,45.4147464503041,62.57,0,50
115,1,13-11-2021 19:00,46.2979064158225,66.93,0,50
116,1,13-11-2021 20:00,42.6132244113406,61.13,0,50
117,1,13-11-2021 21:00,47.1768040654997,74.47,0,50
118,1,13-11-2021 22:00,45.044631956912,64.43,0,50
119,1,13-11-2021 23:00,45.0825082327112,79.4,0,50
120,1,14-11-2021 0:00,46.2305555555555,98.62,0,50
121,1,14-11-2021 1:00,47.5360337323177,78.28,0,50
122,1,14-11-2021 2:00,47.875466179159,65.58,0,50
123,1,14-11-2021 3:00,47.224793814433,73.43,0,50
124,1,14-11-2021 4:00,46.1812345679012,80.1,0,50
125,1,14-11-2021 5:00,45.2335643564356,62.06,0,50
126,1,14-11-2021 6:00,52.6233193277311,200.75,0,50
127,1,14-11-2021 7:00,49.3530917874395,139.83,0,50
128,1,14-11-2021 8:00,65.0904864864865,194.17,0,50
129,1,14-11-2021 9:00,57.4716981132075,114.41,0,50
130,1,14-11-2021 10:00,50.0872131147541,72.05,0,50
131,1,14-11-2021 11:00,47.9147826086956,66.96,0,50
132,1,14-11-2021 12:00,49.5233505154639,73.28,0,50
133,1,14-11-2021 13:00,46.0775324675325,63.98,0,50
134,1,14-11-2021 14:00,45.1650956521738,72.01,0,50
135,1,14-11-2021 15:00,45.5490648148149,65.75,0,50
136,1,14-11-2021 16:00,44.6468818681319,62.21,0,50
137,1,14-11-2021 17:00,44.8450426863973,65.63,0,50
138,1,14-11-2021 18:00,41.4996791255289,72.2,0,50
139,1,14-11-2021 19:00,43.8888019559902,64.58,0,50
140,1,14-11-2021 20:00,45.3519593852909,70.21,0,50
141,1,14-11-2021 21:00,45.4136440168369,64.87,0,50
142,1,14-11-2021 22:00,45.0720574162678,66.35,0,50
143,1,14-11-2021 23:00,45.5947053140095,67.5,0,50
144,1,15-11-2021 0:00,46.1567003567182,68.66,0,50
145,1,15-11-2021 1:00,46.7308019246191,69.41,0,50
146,1,15-11-2021 2:00,44.0589877961234,65.63,0,50
147,1,15-11-2021 3:00,46.5039335887611,66.95,0,50
148,1,15-11-2021 4:00,47.0240237691001,59.38,0,50
149,1,15-11-2021 5:00,47.201724137931,65.76,0,50
150,1,15-11-2021 6:00,51.2655199999999,63.48,0,50
151,1,15-11-2021 7:00,48.6647619047618,61.28,0,50
152,1,15-11-2021 8:00,37.1003278688524,58.99,0,50
153,1,15-11-2021 9:00,44.2090243902439,53.23,0,50
154,1,15-11-2021 10:00,45.1477966101694,54.19,0,50
155,1,15-11-2021 11:00,44.7484120171673,61.81,0,50
156,1,15-11-2021 12:00,45.8097416020671,80.32,0,50
157,1,15-11-2021 13:00,47.3649199231261,66.53,0,50
158,1,15-11-2021 14:00,46.0685225086571,66.51,0,50
159,1,15-11-2021 15:00,43.3679535327817,62.43,0,50
160,1,15-11-2021 16:00,42.5462955974842,64.47,0,50
161,1,15-11-2021 17:00,43.937484020918,63.45,0,50
162,1,15-11-2021 18:00,44.4937282850779,65.09,0,50
163,1,15-11-2021 19:00,44.9056460009465,67.98,0,50
164,1,15-11-2021 20:00,44.2655821474773,61,0,50
165,1,15-11-2021 21:00,37.6676402223346,65.6,0,50
166,1,15-11-2021 22:00,32.7769141154159,64.03,0,50
167,1,15-11-2021 23:00,32.39981126423,65.45,0,50
168,1,16-11-2021 0:00,28.3765788667688,62.98,0,50
169,1,16-11-2021 1:00,35.1621433640879,57.41,0,50
170,1,16-11-2021 2:00,27.2508404315729,57.39,0,50
171,1,16-11-2021 3:00,19.0547310126581,57.76,0,50
172,1,16-11-2021 4:00,16.8757649534115,56.82,0,50
173,1,16-11-2021 5:00,11.8130769230769,52.84,0,50
174,1,16-11-2021 6:00,10.4203526550466,52.45,0,50
175,1,16-11-2021 7:00,12.6331901615271,44.53,0,50
176,1,16-11-2021 8:00,14.7408720330236,39.37,0,50
177,1,16-11-2021 9:00,14.9397448634003,50.22,0,50
178,1,16-11-2021 10:00,15.5775673208581,57.57,0,50
179,1,16-11-2021 11:00,15.1406587615283,57.44,0,50
180,1,16-11-2021 12:00,21.0990492957746,75.14,0,50
181,1,16-11-2021 13:00,32.2028315946348,60.76,0,50
182,1,16-11-2021 14:00,25.4348597122301,57.62,0,50
183,1,16-11-2021 15:00,25.1568389224848,105.54,0,50
184,1,16-11-2021 16:00,22.4947399635036,114.07,0,50
185,1,16-11-2021 17:00,17.2601455805892,94.51,0,50
186,1,16-11-2021 18:00,28.1903881140085,61.06,0,50
187,1,16-11-2021 19:00,30.6294502228826,61.37,0,50
188,1,16-11-2021 20:00,34.2811517761033,68.14,0,50
189,1,16-11-2021 21:00,35.5636541471048,54.77,0,50
190,1,16-11-2021 22:00,36.4822522522522,57.03,0,50
191,1,16-11-2021 23:00,38.1130670470756,55.34,0,50
192,1,17-11-2021 0:00,37.4265904365904,57.15,0,50
193,1,17-11-2021 1:00,38.0893269934162,58.65,0,50
194,1,17-11-2021 2:00,37.9151645338208,61.38,0,50
195,1,17-11-2021 3:00,39.029706632653,56.31,0,50
196,1,17-11-2021 4:00,40.5973302107728,63.85,0,50
197,1,17-11-2021 5:00,38.904075471698,60.09,0,50
198,1,17-11-2021 6:00,24.1289400921659,69,0,50
199,1,17-11-2021 7:00,31.7534645669291,58.12,0,50
200,1,17-11-2021 8:00,35.9597560975609,58.62,0,50
201,1,17-11-2021 9:00,36.5492682926829,49.74,0,50
202,1,17-11-2021 10:00,43.2198333333333,58.36,0,50
203,1,17-11-2021 11:00,40.3534437086093,57.39,0,50
204,1,17-11-2021 12:00,42.1638574938575,61.24,0,50
205,1,17-11-2021 13:00,42.2542985074626,65.93,0,50
206,1,17-11-2021 14:00,40.2030703166935,59.97,0,50
207,1,17-11-2021 15:00,37.8231452922078,58.06,0,50
208,1,17-11-2021 16:00,38.6730798479087,63.5,0,50
209,1,17-11-2021 17:00,38.3823960612691,67.37,0,50
210,1,17-11-2021 18:00,39.6403628691983,58.58,0,50
211,1,17-11-2021 19:00,38.4410932475885,58.71,0,50
212,1,17-11-2021 20:00,38.794364292155,60.31,0,50
213,1,17-11-2021 21:00,40.2920368885324,59.2,0,50
214,1,17-11-2021 22:00,36.2737510271158,57.86,0,50
215,1,17-11-2021 23:00,39.4886806981519,57.98,0,50
216,1,18-11-2021 0:00,39.5929232505643,60.68,0,50
217,1,18-11-2021 1:00,41.040418760469,59.85,0,50
218,1,18-11-2021 2:00,39.6337650793651,63.05,0,50
219,1,18-11-2021 3:00,41.3195021834062,57.5,0,50
220,1,18-11-2021 4:00,41.4631352718077,54.46,0,50
221,1,18-11-2021 5:00,38.2918648648648,56.53,0,50
222,1,18-11-2021 6:00,38.5467213114754,51.04,0,50
223,1,18-11-2021 7:00,45.281081081081,53.57,0,50
224,1,18-11-2021 8:00,33.9698113207547,49.09,0,50
225,1,18-11-2021 9:00,41.71,43.77,0,50
226,1,18-11-2021 10:00,45.5599038461538,56.38,0,50
227,1,18-11-2021 11:00,43.556328125,55.24,0,50
228,1,18-11-2021 12:00,44.6061255924171,65.79,0,50
229,1,18-11-2021 13:00,44.1972182871861,69.61,0,50
230,1,18-11-2021 14:00,42.2440723981899,63.72,0,50
231,1,18-11-2021 15:00,39.8954155585106,62.49,0,50
232,1,18-11-2021 16:00,41.3939878419452,154.45,0,50
233,1,18-11-2021 17:00,43.3106208718626,208.49,0,50
234,1,18-11-2021 18:00,40.609380580357,113.31,0,50
235,1,18-11-2021 19:00,38.593622235505,58.72,0,50
236,1,18-11-2021 20:00,43.216574074074,60.32,0,50
237,1,18-11-2021 21:00,42.3404860699467,59.31,0,50
238,1,18-11-2021 22:00,40.9552360681114,63.14,0,50
239,1,18-11-2021 23:00,41.738547464735,66.14,0,50
240,1,19-11-2021 0:00,41.7409823677582,64.19,0,50
241,1,19-11-2021 1:00,42.0061304161304,60.53,0,50
242,1,19-11-2021 2:00,42.0109880395215,58.05,0,50
243,1,19-11-2021 3:00,44.0656074766355,59.22,0,50
244,1,19-11-2021 4:00,43.5891331269349,59.39,0,50
245,1,19-11-2021 5:00,42.270075075075,60.29,0,50
246,1,19-11-2021 6:00,45.9127027027027,68.31,0,50
247,1,19-11-2021 7:00,51.3951315789473,59.44,0,50
248,1,19-11-2021 8:00,41.8364285714285,48.05,0,50
249,1,19-11-2021 9:00,46.795,54.16,0,50
250,1,19-11-2021 10:00,42.9067816091954,54.77,0,50
251,1,19-11-2021 11:00,42.6864670658683,76.76,0,50
252,1,19-11-2021 12:00,44.4276345431789,69.62,0,50
253,1,19-11-2021 13:00,45.873672670321,65.65,0,50
254,1,19-11-2021 14:00,44.3305658818669,65.45,0,50
255,1,19-11-2021 15:00,41.735584918957,58.84,0,50
256,1,19-11-2021 16:00,43.198891142664,60.04,0,50
257,1,19-11-2021 17:00,42.6646187683284,61.75,0,50
258,1,19-11-2021 18:00,42.2638350634371,62.56,0,50
259,1,19-11-2021 19:00,42.3454030016674,60.16,0,50
260,1,19-11-2021 20:00,41.1389530491095,74.29,0,50
261,1,19-11-2021 21:00,42.0409192546583,63.91,0,50
262,1,19-11-2021 22:00,41.6196599924442,62.58,0,50
263,1,19-11-2021 23:00,42.1135676625658,61.08,0,50
264,1,20-11-2021 0:00,42.7148853046596,59.44,0,50
265,1,20-11-2021 1:00,43.1684677015522,62.77,0,50
266,1,20-11-2021 2:00,41.7378198757763,63.71,0,50
267,1,20-11-2021 3:00,41.1651174934724,68.9,0,50
268,1,20-11-2021 4:00,43.5489078014184,66.82,0,50
269,1,20-11-2021 5:00,44.6072727272727,58.98,0,50
270,1,20-11-2021 6:00,44.8727577319587,66.97,0,50
271,1,20-11-2021 7:00,43.8999574468085,62.66,0,50
272,1,20-11-2021 8:00,44.7343421052631,55.38,0,50
273,1,20-11-2021 9:00,48.9169014084507,60.83,0,50
274,1,20-11-2021 10:00,47.9808396946565,75.32,0,50
275,1,20-11-2021 11:00,45.6242276422764,60.62,0,50
276,1,20-11-2021 12:00,46.9171951219512,92.42,0,50
277,1,20-11-2021 13:00,46.4690746268656,66.29,0,50
278,1,20-11-2021 14:00,46.8537076648841,60.36,0,50
279,1,20-11-2021 15:00,44.5330210016155,62.14,0,50
280,1,20-11-2021 16:00,41.0263712374581,64.26,0,50
281,1,20-11-2021 17:00,19.3278526463045,63.77,0,50
282,1,20-11-2021 18:00,20.896007853403,63.2,0,50
283,1,20-11-2021 19:00,23.192288789602,95.18,0,50
284,1,20-11-2021 20:00,40.9508365949119,145.34,0,50
285,1,20-11-2021 21:00,38.4639164490862,94.66,0,50
286,1,20-11-2021 22:00,39.8209883990718,59.62,0,50
287,1,20-11-2021 23:00,42.7946698679471,105.2,0,50
288,1,21-11-2021 0:00,43.6327950310559,64.66,0,50
289,1,21-11-2021 1:00,44.8380484848486,64.2,0,50
290,1,21-11-2021 2:00,45.1757038242473,68.85,0,50
291,1,21-11-2021 3:00,45.792580348944,61.73,0,50
292,1,21-11-2021 4:00,45.7105279503105,61.43,0,50
293,1,21-11-2021 5:00,44.626598778004,79.6,0,50
294,1,21-11-2021 6:00,44.9798387096774,72.03,0,50
295,1,21-11-2021 7:00,44.3284810126582,56.44,0,50
296,1,21-11-2021 8:00,47.1438532110091,57.84,0,50
297,1,21-11-2021 9:00,48.2086666666666,50.53,0,50
298,1,21-11-2021 10:00,47.5977777777777,59.96,0,50
299,1,21-11-2021 11:00,48.7335384615384,62.61,0,50
300,1,21-11-2021 12:00,47.5570588235294,60.08,0,50
301,1,21-11-2021 13:00,48.7919095477387,71.05,0,50
302,1,21-11-2021 14:00,42.5002489019033,57.49,0,50
303,1,21-11-2021 15:00,44.9519999999999,66.69,0,50
304,1,21-11-2021 16:00,43.8082128240109,86.32,0,50
305,1,21-11-2021 17:00,43.9430012376238,63.66,0,50
306,1,21-11-2021 18:00,44.0203556387458,62.29,0,50
307,1,21-11-2021 19:00,43.3213886210222,63.59,0,50
308,1,21-11-2021 20:00,43.5887102983637,62.04,0,50
309,1,21-11-2021 21:00,44.1986879634913,66.03,0,50
310,1,21-11-2021 22:00,43.5435814213766,62.32,0,50
311,1,21-11-2021 23:00,44.8870567121321,59.48,0,50
312,1,22-11-2021 0:00,43.747321196359,65.26,0,50
313,1,22-11-2021 1:00,44.1411992445703,60.76,0,50
314,1,22-11-2021 2:00,44.663121801433,65.63,0,50
315,1,22-11-2021 3:00,44.9670572207084,66.73,0,50
316,1,22-11-2021 4:00,46.9995802469136,65.39,0,50
317,1,22-11-2021 5:00,45.3006392694064,61.01,0,50
318,1,22-11-2021 6:00,44.7551724137931,48.19,0,50
319,1,22-11-2021 7:00,52.8703846153846,59.58,0,50
320,1,22-11-2021 8:00,45.3160606060605,53.98,0,50
321,1,22-11-2021 9:00,46.297794117647,61,0,50
322,1,22-11-2021 10:00,50.5271428571428,58.06,0,50
323,1,22-11-2021 11:00,43.4567605633803,60.22,0,50
324,1,22-11-2021 12:00,46.2386334405144,65.34,0,50
325,1,22-11-2021 13:00,45.6666808209483,68.65,0,50
326,1,22-11-2021 14:00,43.3327388289675,67.88,0,50
327,1,22-11-2021 15:00,41.978456554878,62.44,0,50
328,1,22-11-2021 16:00,41.2079351216469,56.74,0,50
329,1,22-11-2021 17:00,41.4731455004205,62.24,0,50
330,1,22-11-2021 18:00,44.4817684478371,61.03,0,50
331,1,22-11-2021 19:00,43.1654545454544,63.94,0,50
332,1,22-11-2021 20:00,41.8438940586972,62.99,0,50
333,1,22-11-2021 21:00,32.4019804058783,60.73,0,50
334,1,22-11-2021 22:00,33.9388449490993,58.24,0,50
335,1,22-11-2021 23:00,42.4626608051828,131.6,0,50
336,1,23-11-2021 0:00,41.1620519480521,161.54,0,50
337,1,23-11-2021 1:00,43.5437834132968,106.66,0,50
338,1,23-11-2021 2:00,43.7014655172413,71.67,0,50
339,1,23-11-2021 3:00,43.887211028632,74.22,0,50
340,1,23-11-2021 4:00,44.3163965517241,176,0,50
341,1,23-11-2021 5:00,44.4063755458515,93.26,0,50
342,1,23-11-2021 6:00,44.832748091603,83.33,0,50
343,1,23-11-2021 7:00,48.6912765957446,59.44,0,50
344,1,23-11-2021 8:00,50.8088461538461,88.38,0,50
345,1,23-11-2021 9:00,50.6947058823529,55.9,0,50
346,1,23-11-2021 10:00,51.8515277777777,63.3,0,50
347,1,23-11-2021 11:00,42.9740875912408,56.54,0,50
348,1,23-11-2021 12:00,45.7269553072625,65.66,0,50
349,1,23-11-2021 13:00,45.9745745454545,64.09,0,50
350,1,23-11-2021 14:00,44.2403718512595,65.17,0,50
351,1,23-11-2021 15:00,43.1350837404047,62.14,0,50
352,1,23-11-2021 16:00,43.5478282469836,61.45,0,50
353,1,23-11-2021 17:00,43.5519767441861,63.33,0,50
354,1,23-11-2021 18:00,42.5164770141102,62.74,0,50
355,1,23-11-2021 19:00,35.0524504361618,72.37,0,50
356,1,23-11-2021 20:00,40.3349154279856,60.96,0,50
357,1,23-11-2021 21:00,43.5058449612402,67.45,0,50
358,1,23-11-2021 22:00,42.4799556162513,61.01,0,50
359,1,23-11-2021 23:00,43.761888111888,75.58,0,50
360,2,09-11-2021 0:00,47.1373676814989,64.79,0,50
361,2,09-11-2021 1:00,47.0778682842286,65.98,0,50
362,2,09-11-2021 2:00,46.6055809859154,74.58,0,50
363,2,09-11-2021 3:00,47.2347690763052,66.65,0,50
364,2,09-11-2021 4:00,48.4106442577031,64.48,0,50
365,2,09-11-2021 5:00,52.105442477876,71.16,0,50
366,2,09-11-2021 6:00,50.3007339449541,70.45,0,50
367,2,09-11-2021 7:00,47.9416279069767,56.96,0,50
368,2,09-11-2021 8:00,48.1530434782609,58.52,0,50
369,2,09-11-2021 9:00,48.6968421052631,57.55,0,50
370,2,09-11-2021 10:00,54.0970454545454,61.38,0,50
371,2,09-11-2021 11:00,49.0065760869565,59.55,0,50
372,2,09-11-2021 12:00,50.4093144560358,77.78,0,50
373,2,09-11-2021 13:00,50.2006336311941,67.6,0,50
374,2,09-11-2021 14:00,48.6972850898492,64.07,0,50
375,2,09-11-2021 15:00,48.5863083538083,65.16,0,50
376,2,09-11-2021 16:00,44.9469847328245,90.94,0,50
377,2,09-11-2021 17:00,48.10249251497,63.49,0,50
378,2,09-11-2021 18:00,45.8631313131312,64.28,0,50
379,2,09-11-2021 19:00,46.1412069851053,71.69,0,50
380,2,09-11-2021 20:00,47.1152501713503,62.94,0,50
381,2,09-11-2021 21:00,47.8286422413794,74.64,0,50
382,2,09-11-2021 22:00,47.7568251273344,69.67,0,50
383,2,09-11-2021 23:00,48.0135004730368,64.05,0,50
384,2,10-11-2021 0:00,46.5818369932431,65.99,0,50
385,2,10-11-2021 1:00,48.6902899287892,70.02,0,50
386,2,10-11-2021 2:00,47.2669686411149,65.67,0,50
387,2,10-11-2021 3:00,47.5695404595405,67.44,0,50
388,2,10-11-2021 4:00,49.6061629881154,63.74,0,50
389,2,10-11-2021 5:00,47.9938888888888,63.64,0,50
390,2,10-11-2021 6:00,52.1618348623853,69.61,0,50
391,2,10-11-2021 7:00,47.7166371681416,63.78,0,50
392,2,10-11-2021 8:00,52.5129411764705,56.61,0,50
393,2,10-11-2021 9:00,47.86,51.96,0,50
394,2,10-11-2021 10:00,50.4782857142857,63.5,0,50
395,2,10-11-2021 11:00,45.215303030303,57.22,0,50
396,2,10-11-2021 12:00,49.6945418326692,66.23,0,50
397,2,10-11-2021 13:00,50.1223242349048,75.82,0,50
398,2,10-11-2021 14:00,49.2808400954654,65.01,0,50
399,2,10-11-2021 15:00,48.696970624235,70.02,0,50
400,2,10-11-2021 16:00,47.0972480620154,64.51,0,50
401,2,10-11-2021 17:00,46.3364659367395,71.36,0,50
402,2,10-11-2021 18:00,48.3636488340191,63.94,0,50
403,2,10-11-2021 19:00,46.0623777506113,63.26,0,50
404,2,10-11-2021 20:00,46.6929821073558,70.61,0,50
405,2,10-11-2021 21:00,46.342,73.92,0,50
406,2,10-11-2021 22:00,46.603192261185,65.98,0,50
407,2,10-11-2021 23:00,45.5549416755036,67.84,0,50
408,2,11-11-2021 0:00,47.1589120488052,60.31,0,50
409,2,11-11-2021 1:00,47.5741324575806,65.22,0,50
410,2,11-11-2021 2:00,48.0017381656806,63.91,0,50
411,2,11-11-2021 3:00,48.4567889908256,68.87,0,50
412,2,11-11-2021 4:00,48.8195104039167,62.96,0,50
413,2,11-11-2021 5:00,47.6976705882353,61.53,0,50
414,2,11-11-2021 6:00,48.1429032258064,58.99,0,50
415,2,11-11-2021 7:00,48.4080882352941,59.45,0,50
416,2,11-11-2021 8:00,46.2789999999999,48.3,0,50
417,2,11-11-2021 9:00,50.2515384615384,57.33,0,50
418,2,11-11-2021 10:00,49.840987654321,56.84,0,50
419,2,11-11-2021 11:00,50.4937272727272,66.21,0,50
420,2,11-11-2021 12:00,50.8393427230047,75.71,0,50
421,2,11-11-2021 13:00,50.3658784893267,78.18,0,50
422,2,11-11-2021 14:00,49.0512472647702,70.57,0,50
423,2,11-11-2021 15:00,46.0668416370106,69.6,0,50
424,2,11-11-2021 16:00,45.016092404072,65.64,0,50
425,2,11-11-2021 17:00,44.7046499567847,60.73,0,50
426,2,11-11-2021 18:00,48.4485437430786,66.44,0,50
427,2,11-11-2021 19:00,48.092284682826,70.46,0,50
428,2,11-11-2021 20:00,45.7557515598412,65.11,0,50
429,2,11-11-2021 21:00,48.5686880100439,65.85,0,50
430,2,11-11-2021 22:00,46.1886224489796,178.05,0,50
431,2,11-11-2021 23:00,46.9343353293413,70.34,0,50
432,2,12-11-2021 0:00,49.4765171503957,66.62,0,50
433,2,12-11-2021 1:00,49.3596009577014,64.81,0,50
434,2,12-11-2021 2:00,47.0480872483221,65.15,0,50
435,2,12-11-2021 3:00,48.6232319391634,66.34,0,50
436,2,12-11-2021 4:00,49.0492975970425,67.12,0,50
437,2,12-11-2021 5:00,49.2266255144032,66.04,0,50
438,2,12-11-2021 6:00,51.8765873015873,65.76,0,50
439,2,12-11-2021 7:00,43.8209859154929,56.7,0,50
440,2,12-11-2021 8:00,52.1852777777777,59.4,0,50
441,2,12-11-2021 9:00,47.8575,50.07,0,50
442,2,12-11-2021 10:00,51.6841463414634,55.37,0,50
443,2,12-11-2021 11:00,49.7095614035087,57.72,0,50
444,2,12-11-2021 12:00,49.8993664383562,73.3,0,50
445,2,12-11-2021 13:00,49.680018115942,65.49,0,50
446,2,12-11-2021 14:00,49.3173388116308,64.96,0,50
447,2,12-11-2021 15:00,49.0885162755488,64.97,0,50
448,2,12-11-2021 16:00,47.1783137254901,65.96,0,50
449,2,12-11-2021 17:00,47.8022143774069,65.52,0,50
450,2,12-11-2021 18:00,47.6276630434783,63.26,0,50
451,2,12-11-2021 19:00,41.2584361233479,65.92,0,50
452,2,12-11-2021 20:00,48.8551702786377,65.46,0,50
453,2,12-11-2021 21:00,46.2151195335277,75.17,0,50
454,2,12-11-2021 22:00,46.8101596593931,67.28,0,50
455,2,12-11-2021 23:00,47.9691780178487,68.49,0,50
456,2,13-11-2021 0:00,48.6935714285714,71.65,0,50
457,2,13-11-2021 1:00,48.2524569240588,63.23,0,50
458,2,13-11-2021 2:00,48.8169508804447,61.45,0,50
459,2,13-11-2021 3:00,48.7165261813538,68.77,0,50
460,2,13-11-2021 4:00,49.0441104294477,61.43,0,50
461,2,13-11-2021 5:00,48.7675675675674,65.46,0,50
462,2,13-11-2021 6:00,49.1523353293413,109.25,0,50
463,2,13-11-2021 7:00,52.31568,66.96,0,50
464,2,13-11-2021 8:00,49.1667213114754,61.53,0,50
465,2,13-11-2021 9:00,45.7694594594594,55.25,0,50
466,2,13-11-2021 10:00,50.61875,54.76,0,50
467,2,13-11-2021 11:00,46.8148648648648,66.62,0,50
468,2,13-11-2021 12:00,50.3833333333333,74.51,0,50
469,2,13-11-2021 13:00,49.5929754601226,70.23,0,50
470,2,13-11-2021 14:00,45.9926984126984,65.78,0,50
471,2,13-11-2021 15:00,49.354844074844,69.78,0,50
472,2,13-11-2021 16:00,47.3428084138714,64.23,0,50
473,2,13-11-2021 17:00,48.3517750355955,62.14,0,50
474,2,13-11-2021 18:00,47.1118058022499,62.4,0,50
475,2,13-11-2021 19:00,47.9116584564859,67.03,0,50
476,2,13-11-2021 20:00,44.4491396707383,61.04,0,50
477,2,13-11-2021 21:00,49.2037507711288,74.09,0,50
478,2,13-11-2021 22:00,45.5706692160611,64.06,0,50
479,2,13-11-2021 23:00,46.7695232558139,79.46,0,50
480,2,14-11-2021 0:00,46.8787170868346,98.75,0,50
481,2,14-11-2021 1:00,49.0663882211538,78.59,0,50
482,2,14-11-2021 2:00,49.4470675105485,64.01,0,50
483,2,14-11-2021 3:00,49.145886864813,73.37,0,50
484,2,14-11-2021 4:00,48.4696681415928,64.37,0,50
485,2,14-11-2021 5:00,48.2751475409835,64.08,0,50
486,2,14-11-2021 6:00,47.4319786096257,76.04,0,50
487,2,14-11-2021 7:00,49.9319075144508,75.58,0,50
488,2,14-11-2021 8:00,54.3475714285714,155.27,0,50
489,2,14-11-2021 9:00,53.9715116279069,84.25,0,50
490,2,14-11-2021 10:00,51.6382105263157,70.28,0,50
491,2,14-11-2021 11:00,59.0804761904762,67.04,0,50
492,2,14-11-2021 12:00,49.7276687116564,72.24,0,50
493,2,14-11-2021 13:00,47.6109917355372,62.82,0,50
494,2,14-11-2021 14:00,49.8798034934497,71.87,0,50
495,2,14-11-2021 15:00,47.569667738478,65.83,0,50
496,2,14-11-2021 16:00,46.912813257882,62.33,0,50
497,2,14-11-2021 17:00,26.7394311210263,65.39,0,50
498,2,14-11-2021 18:00,20.8633163102457,72.26,0,50
499,2,14-11-2021 19:00,29.9678253760627,64.42,0,50
500,2,14-11-2021 20:00,47.4763976945244,70.04,0,50
501,2,14-11-2021 21:00,48.6163099374565,65.96,0,50
502,2,14-11-2021 22:00,45.1847624999999,66.25,0,50
503,2,14-11-2021 23:00,45.275539494063,67.28,0,50
504,2,15-11-2021 0:00,47.3101289884589,67.82,0,50
505,2,15-11-2021 1:00,48.5654613233923,69.08,0,50
506,2,15-11-2021 2:00,45.2297491638795,64.64,0,50
507,2,15-11-2021 3:00,47.8284958217269,67.14,0,50
508,2,15-11-2021 4:00,48.1303373015872,59.96,0,50
509,2,15-11-2021 5:00,47.9493258426966,65.72,0,50
510,2,15-11-2021 6:00,52.3198113207547,63.76,0,50
511,2,15-11-2021 7:00,42.4224242424242,61.73,0,50
512,2,15-11-2021 8:00,48.4752777777777,57.73,0,50
513,2,15-11-2021 9:00,45.0629411764705,53.25,0,50
514,2,15-11-2021 10:00,47.152,54.26,0,50
515,2,15-11-2021 11:00,46.3851707317073,61.75,0,50
516,2,15-11-2021 12:00,47.5468875192604,80.17,0,50
517,2,15-11-2021 13:00,47.9812284334022,66.56,0,50
518,2,15-11-2021 14:00,47.452287014061,66.74,0,50
519,2,15-11-2021 15:00,45.8807397444518,62.21,0,50
520,2,15-11-2021 16:00,44.5587856071963,64.5,0,50
521,2,15-11-2021 17:00,45.6787832167831,63.43,0,50
522,2,15-11-2021 18:00,46.9844166249373,65.56,0,50
523,2,15-11-2021 19:00,30.2620455235205,68.03,0,50
524,2,15-11-2021 20:00,19.207031388152,61.05,0,50
525,2,15-11-2021 21:00,24.8469654481722,65.46,0,50
526,2,15-11-2021 22:00,23.5455795876985,62.31,0,50
527,2,15-11-2021 23:00,25.9251870437956,63.58,0,50
528,2,16-11-2021 0:00,25.3526102449888,64.08,0,50
529,2,16-11-2021 1:00,21.2356232939035,57.77,0,50
530,2,16-11-2021 2:00,19.4614485596708,58.1,0,50
531,2,16-11-2021 3:00,19.5114826700898,58.38,0,50
532,2,16-11-2021 4:00,40.033396226415,61.31,0,50
533,2,16-11-2021 5:00,44.4525333333333,54.51,0,50
534,2,16-11-2021 6:00,47.6772727272727,54.12,0,50
535,2,16-11-2021 7:00,44.2866666666666,44.79,0,50
536,2,16-11-2021 8:00,41.9875,42.1,0,50
537,2,16-11-2021 9:00,46.215,50.47,0,50
538,2,16-11-2021 10:00,47.1360294117647,60.33,0,50
539,2,16-11-2021 11:00,44.7203960396039,58.32,0,50
540,2,16-11-2021 12:00,47.4358717948717,77.52,0,50
541,2,16-11-2021 13:00,43.7798344693282,61.43,0,50
542,2,16-11-2021 14:00,40.2070617906683,61.25,0,50
543,2,16-11-2021 15:00,41.3042547876769,93.72,0,50
544,2,16-11-2021 16:00,42.1546376811594,100.95,0,50
545,2,16-11-2021 17:00,38.1494638069704,92.02,0,50
546,2,16-11-2021 18:00,41.4883625730994,64.49,0,50
547,2,16-11-2021 19:00,41.2786155484557,62.35,0,50
548,2,16-11-2021 20:00,37.4386147186147,69.74,0,50
549,2,16-11-2021 21:00,41.0686134852801,56.97,0,50
550,2,16-11-2021 22:00,40.1990852520223,58.1,0,50
551,2,16-11-2021 23:00,41.3766666666666,58.06,0,50
552,2,17-11-2021 0:00,41.9562342436973,59.87,0,50
553,2,17-11-2021 1:00,41.6076334269663,60.13,0,50
554,2,17-11-2021 2:00,41.8410332103321,75.31,0,50
555,2,17-11-2021 3:00,42.5864987080103,57.96,0,50
556,2,17-11-2021 4:00,43.9271777777778,65.01,0,50
557,2,17-11-2021 5:00,44.4330434782608,61.93,0,50
558,2,17-11-2021 6:00,47.3957547169811,72.83,0,50
559,2,17-11-2021 7:00,45.6561249999999,59.79,0,50
560,2,17-11-2021 8:00,40.3647058823529,57.99,0,50
561,2,17-11-2021 9:00,39.8870731707317,50.02,0,50
562,2,17-11-2021 10:00,45.5369863013698,60.16,0,50
563,2,17-11-2021 11:00,43.0839285714285,59.17,0,50
564,2,17-11-2021 12:00,44.5914027149321,62.08,0,50
565,2,17-11-2021 13:00,45.3558231420508,65.61,0,50
566,2,17-11-2021 14:00,43.3183573200992,60.29,0,50
567,2,17-11-2021 15:00,40.8972785829307,59.56,0,50
568,2,17-11-2021 16:00,42.7027904761906,66.24,0,50
569,2,17-11-2021 17:00,42.3393232323231,70.21,0,50
570,2,17-11-2021 18:00,43.0944291907514,59.98,0,50
571,2,17-11-2021 19:00,42.5534047109207,60.47,0,50
572,2,17-11-2021 20:00,42.4062440944882,61.51,0,50
573,2,17-11-2021 21:00,43.1755314685314,60.77,0,50
574,2,17-11-2021 22:00,40.3778926598263,57.78,0,50
575,2,17-11-2021 23:00,42.8595593869731,58.99,0,50
576,2,18-11-2021 0:00,42.7650264270613,60.84,0,50
577,2,18-11-2021 1:00,44.4576534296029,59.41,0,50
578,2,18-11-2021 2:00,43.3809102322661,62.95,0,50
579,2,18-11-2021 3:00,45.1011570247934,57.57,0,50
580,2,18-11-2021 4:00,44.8840460947502,55.82,0,50
581,2,18-11-2021 5:00,44.6005762711864,58.44,0,50
582,2,18-11-2021 6:00,41.629243697479,51.25,0,50
583,2,18-11-2021 7:00,46.0767567567567,53.71,0,50
584,2,18-11-2021 8:00,36.19725,49,0,50
585,2,18-11-2021 9:00,43.0190909090909,43.68,0,50
586,2,18-11-2021 10:00,47.1784615384615,56.45,0,50
587,2,18-11-2021 11:00,44.8616666666666,55.15,0,50
588,2,18-11-2021 12:00,46.3108809891808,65.89,0,50
589,2,18-11-2021 13:00,45.5113116057233,69.74,0,50
590,2,18-11-2021 14:00,44.4117317182592,63.91,0,50
591,2,18-11-2021 15:00,42.2656891729923,61.29,0,50
592,2,18-11-2021 16:00,43.6976090468497,68.26,0,50
593,2,18-11-2021 17:00,44.6304257167679,110.37,0,50
594,2,18-11-2021 18:00,43.408869621066,62.21,0,50
595,2,18-11-2021 19:00,42.8906461307288,61.16,0,50
596,2,18-11-2021 20:00,44.8469333333334,60.85,0,50
597,2,18-11-2021 21:00,43.5084791666666,59.9,0,50
598,2,18-11-2021 22:00,43.6926968973747,63.04,0,50
599,2,18-11-2021 23:00,44.3472982941446,65.38,0,50
600,2,19-11-2021 0:00,44.6614234693879,65.36,0,50
601,2,19-11-2021 1:00,44.4946494845361,61.07,0,50
602,2,19-11-2021 2:00,44.3541566645609,59.27,0,50
603,2,19-11-2021 3:00,46.060984020185,59.22,0,50
604,2,19-11-2021 4:00,45.1971926605505,58.28,0,50
605,2,19-11-2021 5:00,45.4697674418604,60.28,0,50
606,2,19-11-2021 6:00,49.5287341772152,68.98,0,50
607,2,19-11-2021 7:00,52.1761428571428,59.87,0,50
608,2,19-11-2021 8:00,44.5752380952381,47.77,0,50
609,2,19-11-2021 9:00,46.9425925925925,53.92,0,50
610,2,19-11-2021 10:00,43.8640350877193,54.41,0,50
611,2,19-11-2021 11:00,44.9423308270676,76.85,0,50
612,2,19-11-2021 12:00,46.3701812191103,69.56,0,50
613,2,19-11-2021 13:00,47.0911881188119,62.67,0,50
614,2,19-11-2021 14:00,46.1214736842105,63.88,0,50
615,2,19-11-2021 15:00,43.8167185527976,59.54,0,50
616,2,19-11-2021 16:00,45.1992077607113,59.72,0,50
617,2,19-11-2021 17:00,43.1981494057725,61.21,0,50
618,2,19-11-2021 18:00,45.0879163857045,62.51,0,50
619,2,19-11-2021 19:00,44.807081604426,58.62,0,50
620,2,19-11-2021 20:00,43.1051534170153,73.58,0,50
621,2,19-11-2021 21:00,43.9614732142856,65.01,0,50
622,2,19-11-2021 22:00,44.1315075376883,62.01,0,50
623,2,19-11-2021 23:00,44.5639018087855,62.4,0,50
624,2,20-11-2021 0:00,45.6202871621622,63.62,0,50
625,2,20-11-2021 1:00,46.2834833245103,62.99,0,50
626,2,20-11-2021 2:00,44.1093208092485,63.72,0,50
627,2,20-11-2021 3:00,44.6130889235568,69.25,0,50
628,2,20-11-2021 4:00,45.2666129032257,66.6,0,50
629,2,20-11-2021 5:00,46.2607510729613,59.53,0,50
630,2,20-11-2021 6:00,47.6178758169934,62.75,0,50
631,2,20-11-2021 7:00,44.998448275862,61.63,0,50
632,2,20-11-2021 8:00,46.3529310344827,55.28,0,50
633,2,20-11-2021 9:00,49.6774999999999,61.08,0,50
634,2,20-11-2021 10:00,51.4503092783505,75.37,0,50
635,2,20-11-2021 11:00,47.3815957446808,60.64,0,50
636,2,20-11-2021 12:00,49.8690499999999,92.31,0,50
637,2,20-11-2021 13:00,48.1506204379562,66.46,0,50
638,2,20-11-2021 14:00,48.2541983122362,60.17,0,50
639,2,20-11-2021 15:00,46.5635215053763,62.1,0,50
640,2,20-11-2021 16:00,47.5615050426686,64.44,0,50
641,2,20-11-2021 17:00,46.7709155701753,65.14,0,50
642,2,20-11-2021 18:00,46.5659810756972,64.18,0,50
643,2,20-11-2021 19:00,47.0152711864406,66.52,0,50
644,2,20-11-2021 20:00,47.393493397359,63.66,0,50
645,2,20-11-2021 21:00,45.9679154929577,66.92,0,50
646,2,20-11-2021 22:00,46.3356842105263,59.29,0,50
647,2,20-11-2021 23:00,45.1060802069857,62.82,0,50
648,2,21-11-2021 0:00,46.0831861575179,66.57,0,50
649,2,21-11-2021 1:00,47.1496384671004,64.22,0,50
650,2,21-11-2021 2:00,46.9623845428841,69.01,0,50
651,2,21-11-2021 3:00,47.6067945823927,61.79,0,50
652,2,21-11-2021 4:00,47.0462598425196,61.56,0,50
653,2,21-11-2021 5:00,34.5269571865444,79.87,0,50
654,2,21-11-2021 6:00,13.1509204522912,72.61,0,50
655,2,21-11-2021 7:00,14.0852996189816,55.99,0,50
656,2,21-11-2021 8:00,49.4494174757281,58.1,0,50
657,2,21-11-2021 9:00,48.3440909090909,50.25,0,50
658,2,21-11-2021 10:00,47.7228735632183,58.84,0,50
659,2,21-11-2021 11:00,42.7016438356164,62.64,0,50
660,2,21-11-2021 12:00,48.8211235955056,60.26,0,50
661,2,21-11-2021 13:00,49.2768965517241,69.98,0,50
662,2,21-11-2021 14:00,45.4089484126984,59.01,0,50
663,2,21-11-2021 15:00,46.9482213438735,67.24,0,50
664,2,21-11-2021 16:00,45.8510159529807,85.79,0,50
665,2,21-11-2021 17:00,45.930030651341,63.6,0,50
666,2,21-11-2021 18:00,46.2278670360111,61.85,0,50
667,2,21-11-2021 19:00,45.3143426966292,63.58,0,50
668,2,21-11-2021 20:00,45.6488006756756,64.06,0,50
669,2,21-11-2021 21:00,45.12665377176,65.99,0,50
670,2,21-11-2021 22:00,45.3451343900758,61.61,0,50
671,2,21-11-2021 23:00,46.1470711297072,59.3,0,50
672,2,22-11-2021 0:00,45.4514965986395,65.68,0,50
673,2,22-11-2021 1:00,46.325125,59,0,50
674,2,22-11-2021 2:00,46.2112975098296,66.51,0,50
675,2,22-11-2021 3:00,46.9955891719745,66.18,0,50
676,2,22-11-2021 4:00,49.7230722891566,64.14,0,50
677,2,22-11-2021 5:00,46.6832335329341,60.25,0,50
678,2,22-11-2021 6:00,45.6225454545454,48.84,0,50
679,2,22-11-2021 7:00,54.87,60.95,0,50
680,2,22-11-2021 8:00,49.4153333333333,54.11,0,50
681,2,22-11-2021 9:00,49.0264814814814,60.92,0,50
682,2,22-11-2021 10:00,51.5899999999999,58.51,0,50
683,2,22-11-2021 11:00,45.2769444444444,60.68,0,50
684,2,22-11-2021 12:00,48.0221470019342,65.38,0,50
685,2,22-11-2021 13:00,47.3460823045268,69.55,0,50
686,2,22-11-2021 14:00,45.5438387978142,68.6,0,50
687,2,22-11-2021 15:00,44.6167356828193,61.78,0,50
688,2,22-11-2021 16:00,43.9687850467289,59.49,0,50
689,2,22-11-2021 17:00,43.6947844827586,62.17,0,50
690,2,22-11-2021 18:00,46.7835374149659,60.57,0,50
691,2,22-11-2021 19:00,45.340335235378,64.32,0,50
692,2,22-11-2021 20:00,45.2942762535477,63.02,0,50
693,2,22-11-2021 21:00,35.1375024015369,60.78,0,50
694,2,22-11-2021 22:00,37.0432389380531,59.37,0,50
695,2,22-11-2021 23:00,44.7928369629193,67.46,0,50
696,2,23-11-2021 0:00,44.4481946403385,63.05,0,50
697,2,23-11-2021 1:00,46.5531487341772,67.72,0,50
698,2,23-11-2021 2:00,44.7032714285714,74.34,0,50
699,2,23-11-2021 3:00,45.7358638083228,58.58,0,50
700,2,23-11-2021 4:00,46.5886206896552,103.65,0,50
701,2,23-11-2021 5:00,47.9997297297297,55.15,0,50
702,2,23-11-2021 6:00,46.6331730769231,83.46,0,50
703,2,23-11-2021 7:00,50.118108108108,59.83,0,50
704,2,23-11-2021 8:00,51.1760416666666,88.34,0,50
705,2,23-11-2021 9:00,50.4066666666666,55.84,0,50
706,2,23-11-2021 10:00,52.3541818181818,63.17,0,50
707,2,23-11-2021 11:00,44.3114159292035,56.49,0,50
708,2,23-11-2021 12:00,46.2606557377049,65.45,0,50
709,2,23-11-2021 13:00,47.5913236549957,63.99,0,50
710,2,23-11-2021 14:00,46.0430035971222,65.4,0,50
711,2,23-11-2021 15:00,45.699155366137,62,0,50
712,2,23-11-2021 16:00,45.643787625418,61.77,0,50
713,2,23-11-2021 17:00,45.4955233853007,63.23,0,50
714,2,23-11-2021 18:00,43.8464433551199,62.54,0,50
715,2,23-11-2021 19:00,38.8227326839827,72.18,0,50
716,2,23-11-2021 20:00,45.8405138339921,61.22,0,50
717,2,23-11-2021 21:00,45.8669390320552,67.6,0,50
718,2,23-11-2021 22:00,45.2944688090737,60.82,0,50
719,2,23-11-2021 23:00,45.6937268907563,75.8,0,50
720,1,02-12-2021 19:00,36.7022222222222,42.15,1,50
721,1,02-12-2021 20:00,40.2086514886165,61.37,1,50
722,1,02-12-2021 21:00,40.0879295573537,58.7,1,50
723,1,02-12-2021 22:00,40.4253697749196,58.87,1,50
724,1,02-12-2021 23:00,40.9121668956043,60.17,1,50
725,1,03-12-2021 0:00,40.0184847421957,58.98,1,50
726,1,03-12-2021 1:00,41.5742544802867,66.36,1,50
727,1,03-12-2021 2:00,40.3253833671399,57.79,1,50
728,1,03-12-2021 3:00,42.5861452513965,61.06,1,50
729,1,03-12-2021 4:00,43.466742712294,62.24,1,50
730,1,03-12-2021 5:00,43.2853693693693,64.12,1,50
731,1,03-12-2021 6:00,42.9437948717948,62.61,1,50
732,1,03-12-2021 7:00,39.7650537634408,53.59,1,50
733,1,03-12-2021 8:00,43.9251807228915,62.42,1,50
734,1,03-12-2021 9:00,38.429405940594,56.06,1,50
735,1,03-12-2021 10:00,45.2398165137614,57.38,1,50
736,1,03-12-2021 11:00,42.8497,54.93,1,50
737,1,03-12-2021 12:00,43.6215108834827,69.28,1,50
738,1,03-12-2021 13:00,45.1047905759162,66.06,1,50
739,1,03-12-2021 14:00,42.8609649749821,65.36,1,50
740,1,03-12-2021 15:00,42.2240529931305,63.09,1,50
741,1,03-12-2021 16:00,42.2929279749478,60.76,1,50
742,1,03-12-2021 17:00,41.3319432989691,66.88,1,50
743,1,03-12-2021 18:00,41.4313359442994,63.57,1,50
744,1,03-12-2021 19:00,42.6300499168053,63.68,1,50
745,1,03-12-2021 20:00,38.5163964346349,62.11,1,50
746,1,03-12-2021 21:00,41.7880775444265,60.51,1,50
747,1,03-12-2021 22:00,43.2029885511251,63.51,1,50
748,1,03-12-2021 23:00,42.7009019044196,86.69,1,50
749,1,04-12-2021 0:00,41.4062206216831,57.51,1,50
750,1,04-12-2021 1:00,42.5530759546789,63.41,1,50
751,1,04-12-2021 2:00,40.6234007654456,59.69,1,50
752,1,04-12-2021 3:00,41.8511033883579,62.7,1,50
753,1,04-12-2021 4:00,39.5776496872207,72.25,1,50
754,1,04-12-2021 5:00,46.0344827586206,64.45,1,50
755,1,04-12-2021 6:00,44.3832250580046,59.29,1,50
756,1,04-12-2021 7:00,46.40752,59.15,1,50
757,1,04-12-2021 8:00,47.6092105263157,64.8,1,50
758,1,04-12-2021 9:00,51.7637837837837,65.35,1,50
759,1,04-12-2021 10:00,43.7348672566371,56.15,1,50
760,1,04-12-2021 11:00,42.9715492957746,47.85,1,50
761,1,04-12-2021 12:00,44.1448192771084,65.33,1,50
762,1,04-12-2021 13:00,45.1268539325843,65.05,1,50
763,1,04-12-2021 14:00,44.0632665094339,67.81,1,50
764,1,04-12-2021 15:00,42.8478037735848,60.06,1,50
765,1,04-12-2021 16:00,43.6296804979254,68.47,1,50
766,1,04-12-2021 17:00,44.2437281105991,61.98,1,50
767,1,04-12-2021 18:00,42.4343810632519,57.74,1,50
768,1,04-12-2021 19:00,43.4589496402878,65,1,50
769,1,04-12-2021 20:00,43.9093548387098,61.3,1,50
770,1,04-12-2021 21:00,43.4403408521302,59.26,1,50
771,1,04-12-2021 22:00,44.5055036630036,64.38,1,50
772,1,04-12-2021 23:00,42.9522964601771,58.9,1,50
773,1,05-12-2021 0:00,43.8877258064516,65.65,1,50
774,1,05-12-2021 1:00,43.4604644326866,63.39,1,50
775,1,05-12-2021 2:00,43.9338242677824,65.77,1,50
776,1,05-12-2021 3:00,44.373220338983,60.7,1,50
777,1,05-12-2021 4:00,44.1086658932714,62.31,1,50
778,1,05-12-2021 5:00,43.7451694915254,59.3,1,50
779,1,05-12-2021 6:00,17.3956977140907,58.78,1,50
780,1,05-12-2021 7:00,12.8186315789472,54.02,1,50
781,1,05-12-2021 8:00,15.3833890954151,68.14,1,50
782,1,05-12-2021 9:00,13.1870961319681,72.74,1,50
783,1,05-12-2021 10:00,13.3377961107837,56.46,1,50
784,1,05-12-2021 11:00,46.455,57.28,1,50
785,1,05-12-2021 12:00,44.4750757575757,66.98,1,50
786,1,05-12-2021 13:00,44.6941294642857,66.38,1,50
787,1,05-12-2021 14:00,45.5340886699507,66.91,1,50
788,1,05-12-2021 15:00,43.0523443708609,63.69,1,50
789,1,05-12-2021 16:00,43.4043579314352,57.79,1,50
790,1,05-12-2021 17:00,42.1645730550284,61.65,1,50
791,1,05-12-2021 18:00,40.8323342596268,64.64,1,50
792,1,05-12-2021 19:00,42.9902743484224,62.52,1,50
793,1,05-12-2021 20:00,42.9678323010958,62.73,1,50
794,1,05-12-2021 21:00,42.7919571683521,64.82,1,50
795,1,05-12-2021 22:00,44.8815719801433,64.23,1,50
796,1,05-12-2021 23:00,43.7628062015504,60.5,1,50
797,1,06-12-2021 0:00,42.530365269461,63.64,1,50
798,1,06-12-2021 1:00,43.6817116564415,65.74,1,50
799,1,06-12-2021 2:00,43.5279983108108,59.71,1,50
800,1,06-12-2021 3:00,45.2242110874199,63.39,1,50
801,1,06-12-2021 4:00,44.5929898648648,58.98,1,50
802,1,06-12-2021 5:00,45.3786486486486,61.29,1,50
803,1,06-12-2021 6:00,44.1314285714285,59.52,1,50
804,1,06-12-2021 7:00,42.3210714285714,48.48,1,50
805,1,06-12-2021 8:00,54.3310526315789,57.17,1,50
806,1,06-12-2021 9:00,40.8,46.58,1,50
807,1,06-12-2021 10:00,50.040895522388,61.11,1,50
808,1,06-12-2021 11:00,38.7113793103448,55.33,1,50
809,1,06-12-2021 12:00,44.1946248462484,60.22,1,50
810,1,06-12-2021 13:00,44.7519503171246,60.96,1,50
811,1,06-12-2021 14:00,41.9658823529413,70.24,1,50
812,1,06-12-2021 15:00,40.8238559322033,59.81,1,50
813,1,06-12-2021 16:00,42.1068824228029,66.83,1,50
814,1,06-12-2021 17:00,41.7882626619553,57.98,1,50
815,1,06-12-2021 18:00,42.3781443298969,59.26,1,50
816,1,06-12-2021 19:00,40.6574232149979,64.89,1,50
817,1,06-12-2021 20:00,41.574027700831,63.11,1,50
818,1,06-12-2021 21:00,40.5885336048879,62.4,1,50
819,1,06-12-2021 22:00,40.5429230135857,61.14,1,50
820,1,06-12-2021 23:00,43.092643948296,63.35,1,50
821,1,07-12-2021 0:00,43.2300154380548,59.71,1,50
822,1,07-12-2021 1:00,44.1038033843674,61.8,1,50
823,1,07-12-2021 2:00,42.4331999999999,65.28,1,50
824,1,07-12-2021 3:00,45.6682466960352,207.62,1,50
825,1,07-12-2021 4:00,45.9799999999999,187.77,1,50
826,1,07-12-2021 5:00,46.1911627906976,65.37,1,50
827,1,07-12-2021 6:00,41.6342335766423,57.27,1,50
828,1,07-12-2021 7:00,50.7124999999999,64.28,1,50
829,1,07-12-2021 8:00,0,0,1,50
830,1,07-12-2021 9:00,39.2260714285714,49.21,1,50
831,1,07-12-2021 10:00,44.7041666666666,56.29,1,50
832,1,07-12-2021 11:00,44.4415789473684,61.37,1,50
833,1,07-12-2021 12:00,45.4262042875157,70.53,1,50
834,1,07-12-2021 13:00,45.912019450801,72.96,1,50
835,1,07-12-2021 14:00,43.9625402811108,63.08,1,50
836,1,07-12-2021 15:00,41.6440693481277,59.07,1,50
837,1,07-12-2021 16:00,43.4012920046349,68.08,1,50
838,1,07-12-2021 17:00,43.810933988764,60.2,1,50
839,1,07-12-2021 18:00,44.5610885608855,64.54,1,50
840,1,07-12-2021 19:00,42.8565496489469,68.65,1,50
841,1,07-12-2021 20:00,41.2147927612374,76.9,1,50
842,1,07-12-2021 21:00,43.6519582565992,62.26,1,50
843,1,07-12-2021 22:00,41.8547178408692,62.63,1,50
844,1,07-12-2021 23:00,43.0493303929432,63.87,1,50
845,1,08-12-2021 0:00,43.1105841446453,72.89,1,50
846,1,08-12-2021 1:00,43.1991861761426,59.12,1,50
847,1,08-12-2021 2:00,43.5056176673568,68.55,1,50
848,1,08-12-2021 3:00,43.2402909090908,64.49,1,50
849,1,08-12-2021 4:00,45.3628518057285,59.4,1,50
850,1,08-12-2021 5:00,46.8506766917293,69.15,1,50
851,1,08-12-2021 6:00,41.5148623853211,62.17,1,50
852,1,08-12-2021 7:00,37.4851485148514,51.77,1,50
853,1,08-12-2021 8:00,56.5710714285714,67.71,1,50
854,1,08-12-2021 9:00,46.2024,51.25,1,50
855,1,08-12-2021 10:00,48.9929687499999,65.47,1,50
856,1,08-12-2021 11:00,44.3832075471698,62.7,1,50
857,1,08-12-2021 12:00,41.9598019801979,69.79,1,50
858,1,08-12-2021 13:00,40.8362298387097,68.73,1,50
859,1,08-12-2021 14:00,39.5896188679246,57.23,1,50
860,1,08-12-2021 15:00,38.3482118482117,59.49,1,50
861,1,08-12-2021 16:00,41.1449302325581,68.06,1,50
862,1,08-12-2021 17:00,39.3814403600899,61.21,1,50
863,1,08-12-2021 18:00,43.8304405286343,61.84,1,50
864,1,08-12-2021 19:00,43.2220677966102,68.85,1,50
865,1,08-12-2021 20:00,43.5750161030596,69.48,1,50
866,1,08-12-2021 21:00,43.0594124490982,59.19,1,50
867,1,08-12-2021 22:00,40.3840933512425,60.85,1,50
868,1,08-12-2021 23:00,41.2986746987952,60.52,1,50
869,1,09-12-2021 0:00,43.1900088183422,61.72,1,50
870,1,09-12-2021 1:00,41.1378676470588,72.76,1,50
871,1,09-12-2021 2:00,43.2337174139728,62.19,1,50
872,1,09-12-2021 3:00,45.5837032967033,62.98,1,50
873,1,09-12-2021 4:00,41.492703180212,58.34,1,50
874,1,09-12-2021 5:00,42.7883154121863,68,1,50
875,1,09-12-2021 6:00,49.4497701149425,128.87,1,50
876,1,09-12-2021 7:00,44.0671428571428,53.9,1,50
877,1,09-12-2021 8:00,51.1289189189189,200.53,1,50
878,1,09-12-2021 9:00,72.5244594594594,206.26,1,50
879,1,09-12-2021 10:00,47.5032911392405,125.96,1,50
880,1,09-12-2021 11:00,40.2922222222222,56.4,1,50
881,1,09-12-2021 12:00,43.7894814814815,69.52,1,50
882,1,09-12-2021 13:00,46.7459911894272,67.53,1,50
883,1,09-12-2021 14:00,42.8878304973822,62.95,1,50
884,1,09-12-2021 15:00,41.8907522697795,56.09,1,50
885,1,09-12-2021 16:00,43.8881153846153,68.19,1,50
886,1,09-12-2021 17:00,43.7089029003783,62.13,1,50
887,1,09-12-2021 18:00,44.1393265211333,78.28,1,50
888,1,09-12-2021 19:00,43.1980694586313,59.5,1,50
889,1,09-12-2021 20:00,40.3295512820513,67.99,1,50
890,1,09-12-2021 21:00,40.6361335254563,58.36,1,50
891,1,09-12-2021 22:00,42.1682231252309,62.07,1,50
892,1,09-12-2021 23:00,42.1754964539006,58.14,1,50
893,1,10-12-2021 0:00,42.6136607142857,63.35,1,50
894,1,10-12-2021 1:00,42.3475216365067,60.95,1,50
895,1,10-12-2021 2:00,42.6436738197425,60.92,1,50
896,1,10-12-2021 3:00,43.5968703427719,75.82,1,50
897,1,10-12-2021 4:00,44.8026225165562,59.61,1,50
898,1,10-12-2021 5:00,44.38904,71.52,1,50
899,1,10-12-2021 6:00,46.7799,57.8,1,50
900,1,10-12-2021 7:00,46.6302325581395,51.6,1,50
901,1,10-12-2021 8:00,40.4561538461538,42.55,1,50
902,1,10-12-2021 9:00,46.9946428571428,65.12,1,50
903,1,10-12-2021 10:00,43.5102564102564,53.54,1,50
904,1,10-12-2021 11:00,43.5229648241206,61.15,1,50
905,1,10-12-2021 12:00,45.1145983379501,73.15,1,50
906,1,10-12-2021 13:00,45.1186170212765,63.1,1,50
907,1,10-12-2021 14:00,43.792818991098,63.38,1,50
908,1,10-12-2021 15:00,41.5709877384195,59.67,1,50
909,1,10-12-2021 16:00,42.6775678866587,61.1,1,50
910,1,10-12-2021 17:00,41.3739600772698,58.71,1,50
911,1,10-12-2021 18:00,42.7865811518323,61.77,1,50
912,1,10-12-2021 19:00,42.688927943761,62.35,1,50
913,1,10-12-2021 20:00,44.1291798642534,68.83,1,50
914,1,10-12-2021 21:00,44.5542578710644,62.56,1,50
915,1,10-12-2021 22:00,42.6230589000976,64.4,1,50
916,1,10-12-2021 23:00,42.4111310008136,58.25,1,50
917,1,11-12-2021 0:00,40.5058348056538,60.03,1,50
918,1,11-12-2021 1:00,41.2804352126607,58.35,1,50
919,1,11-12-2021 2:00,40.5125917431193,58.78,1,50
920,1,11-12-2021 3:00,41.1686099410278,58.91,1,50
921,1,11-12-2021 4:00,39.4111941212492,61.74,1,50
922,1,11-12-2021 5:00,42.0055297532655,63.07,1,50
923,1,11-12-2021 6:00,45.5673245614035,59.23,1,50
924,1,11-12-2021 7:00,46.7473913043477,60.34,1,50
925,1,11-12-2021 8:00,40.1107368421052,55.13,1,50
926,1,11-12-2021 9:00,42.2018749999999,50.2,1,50
927,1,11-12-2021 10:00,45.1192258064516,58.45,1,50
928,1,11-12-2021 11:00,42.9835507246376,196.5,1,50
929,1,11-12-2021 12:00,44.4310055865921,74.31,1,50
930,1,11-12-2021 13:00,49.2751336898395,69.9,1,50
931,1,11-12-2021 14:00,42.0178076923076,69.46,1,50
932,1,11-12-2021 15:00,44.1683446519524,60.88,1,50
933,1,11-12-2021 16:00,43.5567048242028,66.95,1,50
934,1,11-12-2021 17:00,43.3924827586206,66.68,1,50
935,1,11-12-2021 18:00,43.8829187396351,66.86,1,50
936,1,11-12-2021 19:00,43.7055778894472,64.56,1,50
937,1,11-12-2021 20:00,44.636805019305,63.84,1,50
938,1,11-12-2021 21:00,42.7856390977444,60.86,1,50
939,1,11-12-2021 22:00,44.3297644628098,63.52,1,50
940,1,11-12-2021 23:00,44.3155982532752,57.88,1,50
941,1,12-12-2021 0:00,44.1151713111008,68.49,1,50
942,1,12-12-2021 1:00,43.8170663692136,71.82,1,50
943,1,12-12-2021 2:00,45.7182527401676,61.68,1,50
944,1,12-12-2021 3:00,44.0490670059373,63.7,1,50
945,1,12-12-2021 4:00,43.577962085308,65.51,1,50
946,1,12-12-2021 5:00,45.8529452054794,67.55,1,50
947,1,12-12-2021 6:00,45.1778894472361,63.49,1,50
948,1,12-12-2021 7:00,44.9916544117646,57,1,50
949,1,12-12-2021 8:00,45.1610280373831,60.97,1,50
950,1,12-12-2021 9:00,47.1375229357798,70.2,1,50
951,1,12-12-2021 10:00,50.2484507042253,60.63,1,50
952,1,12-12-2021 11:00,46.7241666666666,52.67,1,50
953,1,12-12-2021 12:00,40.0743283582089,61.84,1,50
954,1,12-12-2021 13:00,24.3282034632034,61.98,1,50
955,1,12-12-2021 14:00,39.6281967213114,65.64,1,50
956,1,12-12-2021 15:00,40.2836157635467,65.28,1,50
957,1,12-12-2021 16:00,42.3150765511685,58.52,1,50
958,1,12-12-2021 17:00,43.0251317523056,61.17,1,50
959,1,12-12-2021 18:00,42.325193864508,63.78,1,50
960,1,12-12-2021 19:00,43.0610850439883,64.95,1,50
961,1,12-12-2021 20:00,44.3353108174253,66.27,1,50
962,1,12-12-2021 21:00,44.4009351692484,67.02,1,50
963,1,12-12-2021 22:00,42.9854243323442,62.95,1,50
964,1,12-12-2021 23:00,43.510538975501,65.42,1,50
965,1,13-12-2021 0:00,43.9767669172932,89.07,1,50
966,1,13-12-2021 1:00,45.3016467065867,65.89,1,50
967,1,13-12-2021 2:00,43.6862454434993,66.93,1,50
968,1,13-12-2021 3:00,45.0265090909091,65.62,1,50
969,1,13-12-2021 4:00,44.9163345864661,58.82,1,50
970,1,13-12-2021 5:00,44.2426732673267,58.11,1,50
971,1,13-12-2021 6:00,43.0145098039215,55.95,1,50
972,1,13-12-2021 7:00,47.5504285714285,50.9,1,50
973,1,13-12-2021 8:00,49.3676923076923,54.72,1,50
974,1,13-12-2021 9:00,42.7612962962962,46,1,50
975,1,13-12-2021 10:00,40.5433333333333,52.99,1,50
976,1,13-12-2021 11:00,43.3984137931034,61.13,1,50
977,1,13-12-2021 12:00,44.8242882882882,68.36,1,50
978,1,13-12-2021 13:00,45.6963359707851,68.96,1,50
979,1,13-12-2021 14:00,44.3087689393939,117.31,1,50
980,1,13-12-2021 15:00,42.4821920428461,129.82,1,50
981,1,13-12-2021 16:00,42.6106948640484,85.5,1,50
982,1,13-12-2021 17:00,42.9002906110282,62.14,1,50
983,1,13-12-2021 18:00,43.8852631578947,65.61,1,50
984,1,13-12-2021 19:00,44.857524868344,61.48,1,50
985,1,13-12-2021 20:00,43.804521306032,86.67,1,50
986,1,13-12-2021 21:00,45.2467672955975,68.93,1,50
987,1,13-12-2021 22:00,42.987284272224,60.17,1,50
988,1,13-12-2021 23:00,44.6418412570508,60.56,1,50
989,1,14-12-2021 0:00,44.8579157805189,67.43,1,50
990,1,14-12-2021 1:00,43.0462698773284,67.76,1,50
991,1,14-12-2021 2:00,42.7650301700493,68.32,1,50
992,1,14-12-2021 3:00,36.6212625871416,73.4,1,50
993,1,14-12-2021 4:00,31.4337666666666,58.09,1,50
994,1,14-12-2021 5:00,17.9314658210007,94.67,1,50
995,1,14-12-2021 6:00,12.0412344459806,61.52,1,50
996,1,14-12-2021 7:00,10.2729783416634,61.86,1,50
997,1,14-12-2021 8:00,9.91674934904756,78.11,1,50
998,1,14-12-2021 9:00,8.81924899699096,50.07,1,50
999,1,14-12-2021 10:00,8.77944961240311,57.13,1,50
1000,1,14-12-2021 11:00,9.53676884492133,49.03,1,50
1001,1,14-12-2021 12:00,11.4849617972402,61.59,1,50
1002,1,14-12-2021 13:00,13.0801450195829,62.01,1,50
1003,1,14-12-2021 14:00,29.941949985951,61.63,1,50
1004,1,14-12-2021 15:00,39.9093781855249,62.83,1,50
1005,1,14-12-2021 16:00,24.2204593329431,62.55,1,50
1006,1,14-12-2021 17:00,31.4391779396462,64.43,1,50
1007,1,14-12-2021 18:00,40.8139298990971,60.71,1,50
1008,1,14-12-2021 19:00,39.0754758020662,64.87,1,50
1009,1,14-12-2021 20:00,44.1929271356782,61.19,1,50
1010,1,14-12-2021 21:00,42.8637079292639,63.64,1,50
1011,1,14-12-2021 22:00,43.1966957903096,58.6,1,50
1012,1,14-12-2021 23:00,42.4871616766467,60.87,1,50
1013,2,03-12-2021 0:00,42.4592465192464,56.88,1,50
1014,2,03-12-2021 1:00,43.5998894801472,66.18,1,50
1015,2,03-12-2021 2:00,42.5418076208178,58.24,1,50
1016,2,03-12-2021 3:00,44.3679741379309,61.37,1,50
1017,2,03-12-2021 4:00,45.1609831460674,62.17,1,50
1018,2,03-12-2021 5:00,44.5713289760348,64.15,1,50
1019,2,03-12-2021 6:00,46.1437499999999,62.16,1,50
1020,2,03-12-2021 7:00,41.787894736842,53.4,1,50
1021,2,03-12-2021 8:00,46.9042857142857,62.37,1,50
1022,2,03-12-2021 9:00,40.891294117647,78.38,1,50
1023,2,03-12-2021 10:00,46.829156626506,57.25,1,50
1024,2,03-12-2021 11:00,43.1371751412429,54.83,1,50
1025,2,03-12-2021 12:00,45.036253776435,69.06,1,50
1026,2,03-12-2021 13:00,46.6202552881108,67.21,1,50
1027,2,03-12-2021 14:00,44.3136729857821,64.29,1,50
1028,2,03-12-2021 15:00,43.6628524590163,63.35,1,50
1029,2,03-12-2021 16:00,43.9749815043157,61.61,1,50
1030,2,03-12-2021 17:00,43.4763020509633,67.01,1,50
1031,2,03-12-2021 18:00,44.4870141150923,63.01,1,50
1032,2,03-12-2021 19:00,44.5673275862068,63.6,1,50
1033,2,03-12-2021 20:00,40.6273434343435,61.79,1,50
1034,2,03-12-2021 21:00,43.3470464963981,60.42,1,50
1035,2,03-12-2021 22:00,45.3322417786012,64.31,1,50
1036,2,03-12-2021 23:00,44.6959872864521,86.9,1,50
1037,2,04-12-2021 0:00,43.7165196662694,57.82,1,50
1038,2,04-12-2021 1:00,45.0357022865141,64.61,1,50
1039,2,04-12-2021 2:00,43.0549066827212,59.74,1,50
1040,2,04-12-2021 3:00,44.4904580896685,62.83,1,50
1041,2,04-12-2021 4:00,42.3181338742393,75.36,1,50
1042,2,04-12-2021 5:00,47.7151777777778,64.46,1,50
1043,2,04-12-2021 6:00,45.9039154929577,59.22,1,50
1044,2,04-12-2021 7:00,47.2762499999999,59.33,1,50
1045,2,04-12-2021 8:00,49.1955670103092,64.8,1,50
1046,2,04-12-2021 9:00,53.4470967741935,65.37,1,50
1047,2,04-12-2021 10:00,45.4330392156862,56.09,1,50
1048,2,04-12-2021 11:00,44.9944,47.78,1,50
1049,2,04-12-2021 12:00,45.4657416267942,64.92,1,50
1050,2,04-12-2021 13:00,46.7997222222222,65.21,1,50
1051,2,04-12-2021 14:00,45.9224196018376,67.36,1,50
1052,2,04-12-2021 15:00,44.7425955555554,59.98,1,50
1053,2,04-12-2021 16:00,45.6504859335037,68.39,1,50
1054,2,04-12-2021 17:00,45.7589135135134,61.88,1,50
1055,2,04-12-2021 18:00,44.2102113352545,58.45,1,50
1056,2,04-12-2021 19:00,45.6390755813952,64.95,1,50
1057,2,04-12-2021 20:00,46.1340783254558,60.85,1,50
1058,2,04-12-2021 21:00,44.8368806783766,61.09,1,50
1059,2,04-12-2021 22:00,46.8243837084672,63.48,1,50
1060,2,04-12-2021 23:00,45.2183144329897,58.87,1,50
1061,2,05-12-2021 0:00,45.8213379396985,65.2,1,50
1062,2,05-12-2021 1:00,45.8449964260185,62.77,1,50
1063,2,05-12-2021 2:00,46.0655223880596,65.71,1,50
1064,2,05-12-2021 3:00,45.8452860696517,60.57,1,50
1065,2,05-12-2021 4:00,45.6306509695291,61.26,1,50
1066,2,05-12-2021 5:00,43.2285685483871,59,1,50
1067,2,05-12-2021 6:00,45.558841870824,59.82,1,50
1068,2,05-12-2021 7:00,46.8481868131868,57.66,1,50
1069,2,05-12-2021 8:00,47.9832307692307,68,1,50
1070,2,05-12-2021 9:00,46.2324719101123,73.27,1,50
1071,2,05-12-2021 10:00,50.4053333333333,56.44,1,50
1072,2,05-12-2021 11:00,46.8407936507936,56.87,1,50
1073,2,05-12-2021 12:00,45.3091262135922,66.82,1,50
1074,2,05-12-2021 13:00,47.7160244648317,66.44,1,50
1075,2,05-12-2021 14:00,47.1473404255319,67.81,1,50
1076,2,05-12-2021 15:00,45.2226065969428,63.56,1,50
1077,2,05-12-2021 16:00,45.3854403409091,57.35,1,50
1078,2,05-12-2021 17:00,43.0251009723261,61.27,1,50
1079,2,05-12-2021 18:00,43.0546065808297,63.29,1,50
1080,2,05-12-2021 19:00,44.3949298813377,62.38,1,50
1081,2,05-12-2021 20:00,44.1881740614333,63.13,1,50
1082,2,05-12-2021 21:00,44.4630583941606,65.41,1,50
1083,2,05-12-2021 22:00,46.2375747508305,64.51,1,50
1084,2,05-12-2021 23:00,45.8716051660516,60.91,1,50
1085,2,06-12-2021 0:00,44.4871408351026,63.74,1,50
1086,2,06-12-2021 1:00,45.2806580937973,65.71,1,50
1087,2,06-12-2021 2:00,44.9523458038423,59.51,1,50
1088,2,06-12-2021 3:00,47.294913448735,63.48,1,50
1089,2,06-12-2021 4:00,45.967695473251,60.35,1,50
1090,2,06-12-2021 5:00,46.7712244897958,61.34,1,50
1091,2,06-12-2021 6:00,44.3046938775509,59.18,1,50
1092,2,06-12-2021 7:00,42.6083720930232,48.41,1,50
1093,2,06-12-2021 8:00,54.7977272727272,57.13,1,50
1094,2,06-12-2021 9:00,44.5573913043478,46.5,1,50
1095,2,06-12-2021 10:00,51.2331666666666,60.67,1,50
1096,2,06-12-2021 11:00,39.6111656441717,55.39,1,50
1097,2,06-12-2021 12:00,45.5660781249999,60.22,1,50
1098,2,06-12-2021 13:00,46.0340757978722,60.56,1,50
1099,2,06-12-2021 14:00,43.6919499831024,70.46,1,50
1100,2,06-12-2021 15:00,42.797506165228,59.32,1,50
1101,2,06-12-2021 16:00,43.0515614156835,67.5,1,50
1102,2,06-12-2021 17:00,43.7193071428571,57.89,1,50
1103,2,06-12-2021 18:00,44.2362837506136,59.25,1,50
1104,2,06-12-2021 19:00,43.9573616600791,64.69,1,50
1105,2,06-12-2021 20:00,43.884413489736,63.27,1,50
1106,2,06-12-2021 21:00,42.2059727479182,61.51,1,50
1107,2,06-12-2021 22:00,42.9844715829027,60.03,1,50
1108,2,06-12-2021 23:00,45.2625671510346,64.51,1,50
1109,2,07-12-2021 0:00,45.4253682842287,59.69,1,50
1110,2,07-12-2021 1:00,46.3729986052999,61.78,1,50
1111,2,07-12-2021 2:00,45.8884175531914,63.34,1,50
1112,2,07-12-2021 3:00,46.1330691823899,114.5,1,50
1113,2,07-12-2021 4:00,47.5543127962085,66.62,1,50
1114,2,07-12-2021 5:00,47.29678125,61.62,1,50
1115,2,07-12-2021 6:00,49.1190526315789,57.04,1,50
1116,2,07-12-2021 7:00,52.5808510638297,65.25,1,50
1117,2,07-12-2021 8:00,0,0,1,50
1118,2,07-12-2021 9:00,38.3336842105263,48.16,1,50
1119,2,07-12-2021 10:00,45.2091379310344,55.81,1,50
1120,2,07-12-2021 11:00,46.1937086092715,61.55,1,50
1121,2,07-12-2021 12:00,47.0036724960254,69.97,1,50
1122,2,07-12-2021 13:00,47.0537893296853,71.95,1,50
1123,2,07-12-2021 14:00,45.3887915869982,63.13,1,50
1124,2,07-12-2021 15:00,43.7795488257108,60.2,1,50
1125,2,07-12-2021 16:00,45.6092127659574,68.14,1,50
1126,2,07-12-2021 17:00,45.2672568578552,60.81,1,50
1127,2,07-12-2021 18:00,45.7759936406995,64.28,1,50
1128,2,07-12-2021 19:00,44.2744957264957,68.71,1,50
1129,2,07-12-2021 20:00,45.1014962962963,76.44,1,50
1130,2,07-12-2021 21:00,45.0765816678152,62.71,1,50
1131,2,07-12-2021 22:00,44.1926510721246,62.91,1,50
1132,2,07-12-2021 23:00,44.420036101083,64.06,1,50
1133,2,08-12-2021 0:00,29.9021579173836,74.56,1,50
1134,2,08-12-2021 1:00,22.9927445187372,58.91,1,50
1135,2,08-12-2021 2:00,19.4903366939319,68.31,1,50
1136,2,08-12-2021 3:00,43.7418335089567,64.3,1,50
1137,2,08-12-2021 4:00,47.1876461295418,60.51,1,50
1138,2,08-12-2021 5:00,48.2373333333333,70.59,1,50
1139,2,08-12-2021 6:00,49.0835820895522,62.8,1,50
1140,2,08-12-2021 7:00,41.8545312499999,50.61,1,50
1141,2,08-12-2021 8:00,11.0933086419753,67.77,1,50
1142,2,08-12-2021 9:00,10.2907756232687,51.32,1,50
1143,2,08-12-2021 10:00,16.9397222222222,64.82,1,50
1144,2,08-12-2021 11:00,10.9809567901234,62.52,1,50
1145,2,08-12-2021 12:00,17.8760495283018,62.62,1,50
1146,2,08-12-2021 13:00,28.6923878984332,68.61,1,50
1147,2,08-12-2021 14:00,41.7022857142857,56.83,1,50
1148,2,08-12-2021 15:00,40.5789030955584,59.04,1,50
1149,2,08-12-2021 16:00,35.8538793103448,66.91,1,50
1150,2,08-12-2021 17:00,45.6251032110091,60.89,1,50
1151,2,08-12-2021 18:00,46.1141678321678,62.38,1,50
1152,2,08-12-2021 19:00,45.6362562499999,67.97,1,50
1153,2,08-12-2021 20:00,45.8140447343895,71.07,1,50
1154,2,08-12-2021 21:00,44.7084705882353,59.4,1,50
1155,2,08-12-2021 22:00,42.3880403135499,61.1,1,50
1156,2,08-12-2021 23:00,43.5574492753623,61.39,1,50
1157,2,09-12-2021 0:00,45.0515567410281,61.65,1,50
1158,2,09-12-2021 1:00,43.3390099009901,72.96,1,50
1159,2,09-12-2021 2:00,44.4960110633066,62.19,1,50
1160,2,09-12-2021 3:00,47.1272559366754,63.22,1,50
1161,2,09-12-2021 4:00,45.9048516949152,59.85,1,50
1162,2,09-12-2021 5:00,46.0952582159624,68.01,1,50
1163,2,09-12-2021 6:00,47.9390277777777,60.35,1,50
1164,2,09-12-2021 7:00,45.3563888888889,54.35,1,50
1165,2,09-12-2021 8:00,50.04875,157.47,1,50
1166,2,09-12-2021 9:00,51.4528888888888,135.43,1,50
1167,2,09-12-2021 10:00,47.6228571428571,56.27,1,50
1168,2,09-12-2021 11:00,41.8785211267605,56.97,1,50
1169,2,09-12-2021 12:00,45.5970101351351,69.39,1,50
1170,2,09-12-2021 13:00,47.933604749788,67.16,1,50
1171,2,09-12-2021 14:00,44.6065743440233,62.79,1,50
1172,2,09-12-2021 15:00,44.1775836972343,56.14,1,50
1173,2,09-12-2021 16:00,45.4440178571428,66.67,1,50
1174,2,09-12-2021 17:00,45.304417266187,61.91,1,50
1175,2,09-12-2021 18:00,45.0783023872678,78.67,1,50
1176,2,09-12-2021 19:00,44.9857740585773,59.32,1,50
1177,2,09-12-2021 20:00,45.7330234260613,67.52,1,50
1178,2,09-12-2021 21:00,42.3476865271068,58.51,1,50
1179,2,09-12-2021 22:00,44.1563512974052,61.88,1,50
1180,2,09-12-2021 23:00,44.042507751938,58.06,1,50
1181,2,10-12-2021 0:00,44.6288155262104,62.81,1,50
1182,2,10-12-2021 1:00,45.0621565869667,60.95,1,50
1183,2,10-12-2021 2:00,44.6268329048842,60.98,1,50
1184,2,10-12-2021 3:00,45.304904347826,76.62,1,50
1185,2,10-12-2021 4:00,45.8427619047618,59.74,1,50
1186,2,10-12-2021 5:00,45.5563207547169,71.53,1,50
1187,2,10-12-2021 6:00,47.8452717391304,57.41,1,50
1188,2,10-12-2021 7:00,47.9429032258064,51.67,1,50
1189,2,10-12-2021 8:00,40.309,42.19,1,50
1190,2,10-12-2021 9:00,50.038775510204,65.82,1,50
1191,2,10-12-2021 10:00,45.1361016949152,53.31,1,50
1192,2,10-12-2021 11:00,45.1715584415584,60.82,1,50
1193,2,10-12-2021 12:00,46.5150827814569,73.12,1,50
1194,2,10-12-2021 13:00,46.3340030792916,63.21,1,50
1195,2,10-12-2021 14:00,45.3087595258255,63.91,1,50
1196,2,10-12-2021 15:00,43.5013122171945,59.73,1,50
1197,2,10-12-2021 16:00,44.6540508115737,61.76,1,50
1198,2,10-12-2021 17:00,43.0881481481481,58.45,1,50
1199,2,10-12-2021 18:00,44.6843494423791,61.87,1,50
1200,2,10-12-2021 19:00,45.9177183240786,61.8,1,50
1201,2,10-12-2021 20:00,45.6980955585464,66.96,1,50
1202,2,10-12-2021 21:00,44.8608925476602,61.15,1,50
1203,2,10-12-2021 22:00,44.7695326761592,65.24,1,50
1204,2,10-12-2021 23:00,44.3289352720451,58.02,1,50
1205,2,11-12-2021 0:00,43.3846210045662,59.99,1,50
1206,2,11-12-2021 1:00,44.0122655478775,58.99,1,50
1207,2,11-12-2021 2:00,43.6068368544601,59.49,1,50
1208,2,11-12-2021 3:00,45.0012882298424,59.82,1,50
1209,2,11-12-2021 4:00,41.6931436699857,63.13,1,50
1210,2,11-12-2021 5:00,43.7227719298245,63.6,1,50
1211,2,11-12-2021 6:00,46.5589999999999,57.41,1,50
1212,2,11-12-2021 7:00,47.2986222222221,60.21,1,50
1213,2,11-12-2021 8:00,48.0531884057971,55.02,1,50
1214,2,11-12-2021 9:00,42.9905194805194,50.13,1,50
1215,2,11-12-2021 10:00,46.3727131782945,58.47,1,50
1216,2,11-12-2021 11:00,44.9506122448979,69.63,1,50
1217,2,11-12-2021 12:00,45.9637323943662,62.11,1,50
1218,2,11-12-2021 13:00,50.7814093959731,69.86,1,50
1219,2,11-12-2021 14:00,44.3985677083333,59.03,1,50
1220,2,11-12-2021 15:00,46.813354603464,62.02,1,50
1221,2,11-12-2021 16:00,46.3438524590163,66.76,1,50
1222,2,11-12-2021 17:00,45.3373723723723,67.09,1,50
1223,2,11-12-2021 18:00,46.1124233432244,67.39,1,50
1224,2,11-12-2021 19:00,45.742894736842,64.92,1,50
1225,2,11-12-2021 20:00,45.0681408898305,63.72,1,50
1226,2,11-12-2021 21:00,45.5195425479587,64.5,1,50
1227,2,11-12-2021 22:00,46.2196208530805,63.53,1,50
1228,2,11-12-2021 23:00,46.114861376673,57.87,1,50
1229,2,12-12-2021 0:00,45.3357005563985,68.1,1,50
1230,2,12-12-2021 1:00,45.5150584415583,71.81,1,50
1231,2,12-12-2021 2:00,45.433090772693,62.64,1,50
1232,2,12-12-2021 3:00,46.1333935742973,63.78,1,50
1233,2,12-12-2021 4:00,46.6828290766207,66,1,50
1234,2,12-12-2021 5:00,47.2023913043478,67.2,1,50
1235,2,12-12-2021 6:00,47.1236956521738,63.23,1,50
1236,2,12-12-2021 7:00,46.2227064220183,56.74,1,50
1237,2,12-12-2021 8:00,46.3769318181818,60.65,1,50
1238,2,12-12-2021 9:00,47.945,68.3,1,50
1239,2,12-12-2021 10:00,51.019423076923,59.75,1,50
1240,2,12-12-2021 11:00,16.2942465753424,52.4,1,50
1241,2,12-12-2021 12:00,43.5414942528735,61.7,1,50
1242,2,12-12-2021 13:00,42.3995238095238,61.73,1,50
1243,2,12-12-2021 14:00,43.9128779069767,65.13,1,50
1244,2,12-12-2021 15:00,42.6622896039603,66.95,1,50
1245,2,12-12-2021 16:00,43.755484496124,58.21,1,50
1246,2,12-12-2021 17:00,44.9768644747394,60.78,1,50
1247,2,12-12-2021 18:00,44.5785666507404,62.47,1,50
1248,2,12-12-2021 19:00,43.8143326157157,64.47,1,50
1249,2,12-12-2021 20:00,46.2449048395866,66.87,1,50
1250,2,12-12-2021 21:00,46.1408368708309,65.04,1,50
1251,2,12-12-2021 22:00,44.8061597222223,64.89,1,50
1252,2,12-12-2021 23:00,45.6287769080234,65.69,1,50
1253,2,13-12-2021 0:00,46.4769436619718,87.27,1,50
1254,2,13-12-2021 1:00,46.9189655172412,65.87,1,50
1255,2,13-12-2021 2:00,46.1885164394546,66.06,1,50
1256,2,13-12-2021 3:00,46.4861037527594,65.78,1,50
1257,2,13-12-2021 4:00,46.2964218009479,58.91,1,50
1258,2,13-12-2021 5:00,46.201552795031,59.19,1,50
1259,2,13-12-2021 6:00,44.8174358974358,55.87,1,50
1260,2,13-12-2021 7:00,48.3295652173913,50.87,1,50
1261,2,13-12-2021 8:00,52.151,54.74,1,50
1262,2,13-12-2021 9:00,44.5740476190476,46.73,1,50
1263,2,13-12-2021 10:00,46.0741666666666,54.89,1,50
1264,2,13-12-2021 11:00,45.8077659574468,61.05,1,50
1265,2,13-12-2021 12:00,46.6257654723126,65.87,1,50
1266,2,13-12-2021 13:00,46.8029199999999,68.9,1,50
1267,2,13-12-2021 14:00,45.8310879218473,76.21,1,50
1268,2,13-12-2021 15:00,45.14804519774,63.95,1,50
1269,2,13-12-2021 16:00,45.2490944123314,87.93,1,50
1270,2,13-12-2021 17:00,43.8608805579773,62.13,1,50
1271,2,13-12-2021 18:00,46.8169793745841,65.52,1,50
1272,2,13-12-2021 19:00,46.9541757493187,61.54,1,50
1273,2,13-12-2021 20:00,45.8768193891102,83.66,1,50
1274,2,13-12-2021 21:00,46.7708527131782,69.3,1,50
1275,2,13-12-2021 22:00,45.454875,60.94,1,50
1276,2,13-12-2021 23:00,46.4008250226654,60.11,1,50
1277,2,14-12-2021 0:00,46.6405328685259,66.02,1,50
1278,2,14-12-2021 1:00,45.6331021299836,67.39,1,50
1279,2,14-12-2021 2:00,45.8422146274778,68.71,1,50
1280,2,14-12-2021 3:00,47.8734243176178,74.55,1,50
1281,2,14-12-2021 4:00,46.9444334975368,57.92,1,50
1282,2,14-12-2021 5:00,48.0128691983122,94.28,1,50
1283,2,14-12-2021 6:00,51.0570212765957,61.75,1,50
1284,2,14-12-2021 7:00,51.5269999999999,62.03,1,50
1285,2,14-12-2021 8:00,47.3832432432432,77.81,1,50
1286,2,14-12-2021 9:00,45.5384782608695,50.49,1,50
1287,2,14-12-2021 10:00,44.0051219512194,58.02,1,50
1288,2,14-12-2021 11:00,40.5459848484848,49.01,1,50
1289,2,14-12-2021 12:00,43.4577669902912,61.86,1,50
1290,2,14-12-2021 13:00,43.0363204747774,64.84,1,50
1291,2,14-12-2021 14:00,40.144842537654,61.61,1,50
1292,2,14-12-2021 15:00,42.1334801925212,65.36,1,50
1293,2,14-12-2021 16:00,43.4937362637363,62.89,1,50
1294,2,14-12-2021 17:00,42.1362511291779,64.43,1,50
1295,2,14-12-2021 18:00,43.9729587000677,60.73,1,50
1296,2,14-12-2021 19:00,44.2111691022964,64.68,1,50
1297,2,14-12-2021 20:00,46.2768011738811,61.04,1,50
1298,2,14-12-2021 21:00,44.8870410958903,63.53,1,50
1299,2,14-12-2021 22:00,44.9711075514873,58.55,1,50
1300,2,14-12-2021 23:00,44.3797736720553,60.96,1,50
1301,3,09-11-2021 0:00,37.8183835108847,54.69,0,60
1302,3,09-11-2021 1:00,38.0256012493493,50.57,0,60
1303,3,09-11-2021 2:00,39.0977942264988,53.66,0,60
1304,3,09-11-2021 3:00,39.178976744186,58.77,0,60
1305,3,09-11-2021 4:00,37.8002739726028,50.12,0,60
1306,3,09-11-2021 5:00,40.1296868884539,65.69,0,60
1307,3,09-11-2021 6:00,40.4637158469945,52.21,0,60
1308,3,09-11-2021 7:00,36.8092346938775,45.01,0,60
1309,3,09-11-2021 8:00,35.5509558823529,42.87,0,60
1310,3,09-11-2021 9:00,41.1228947368421,49.29,0,60
1311,3,09-11-2021 10:00,46.119649122807,56.75,0,60
1312,3,09-11-2021 11:00,40.8489208633093,51.2,0,60
1313,3,09-11-2021 12:00,41.9502560455192,56.2,0,60
1314,3,09-11-2021 13:00,40.3434502923976,57.06,0,60
1315,3,09-11-2021 14:00,39.1477447988904,57.24,0,60
1316,3,09-11-2021 15:00,34.9486822016874,52.96,0,60
1317,3,09-11-2021 16:00,38.9631100757134,55.14,0,60
1318,3,09-11-2021 17:00,37.7262989752863,58.04,0,60
1319,3,09-11-2021 18:00,38.6618703976435,53.31,0,60
1320,3,09-11-2021 19:00,38.6830142180094,56.86,0,60
1321,3,09-11-2021 20:00,40.1151557093425,85.53,0,60
1322,3,09-11-2021 21:00,39.434843937575,55.14,0,60
1323,3,09-11-2021 22:00,37.2845528455284,54.62,0,60
1324,3,09-11-2021 23:00,39.4170509259259,58.34,0,60
1325,3,10-11-2021 0:00,37.6720137693631,55.9,0,60
1326,3,10-11-2021 1:00,37.8947739852398,56.78,0,60
1327,3,10-11-2021 2:00,39.6584455239416,71.77,0,60
1328,3,10-11-2021 3:00,38.8615120274914,57.95,0,60
1329,3,10-11-2021 4:00,38.5507321131447,53.14,0,60
1330,3,10-11-2021 5:00,41.1360393258426,55.12,0,60
1331,3,10-11-2021 6:00,39.8128861788618,64.16,0,60
1332,3,10-11-2021 7:00,42.0287999999999,48.99,0,60
1333,3,10-11-2021 8:00,41.0435135135135,50.17,0,60
1334,3,10-11-2021 9:00,40.9315492957746,43.4,0,60
1335,3,10-11-2021 10:00,40.9352447552447,52.68,0,60
1336,3,10-11-2021 11:00,38.9104011461318,47.32,0,60
1337,3,10-11-2021 12:00,42.9235199004975,63.79,0,60
1338,3,10-11-2021 13:00,40.9476233905579,58.51,0,60
1339,3,10-11-2021 14:00,41.4824784688994,59.74,0,60
1340,3,10-11-2021 15:00,40.8556711915534,55.78,0,60
1341,3,10-11-2021 16:00,39.0174809160305,62.4,0,60
1342,3,10-11-2021 17:00,38.8379205851619,55.23,0,60
1343,3,10-11-2021 18:00,38.8718133095131,55.72,0,60
1344,3,10-11-2021 19:00,38.8931417374265,56.56,0,60
1345,3,10-11-2021 20:00,37.9155083798882,55.84,0,60
1346,3,10-11-2021 21:00,39.8866649771921,64.74,0,60
1347,3,10-11-2021 22:00,38.1456631171346,54.27,0,60
1348,3,10-11-2021 23:00,39.2248699311399,60.19,0,60
1349,3,11-11-2021 0:00,38.7596842105262,56.96,0,60
1350,3,11-11-2021 1:00,38.7640784898161,60.84,0,60
1351,3,11-11-2021 2:00,39.0704196255648,54.72,0,60
1352,3,11-11-2021 3:00,38.3423747276688,51.04,0,60
1353,3,11-11-2021 4:00,40.3606423777564,60.9,0,60
1354,3,11-11-2021 5:00,42.469304347826,113.22,0,60
1355,3,11-11-2021 6:00,41.6151497005987,51.91,0,60
1356,3,11-11-2021 7:00,41.8898823529411,56.86,0,60
1357,3,11-11-2021 8:00,44.0335820895522,49.48,0,60
1358,3,11-11-2021 9:00,36.2829729729729,41.95,0,60
1359,3,11-11-2021 10:00,40.5378651685393,43.44,0,60
1360,3,11-11-2021 11:00,37.7152263374485,49.29,0,60
1361,3,11-11-2021 12:00,43.0631132075471,53.8,0,60
1362,3,11-11-2021 13:00,41.5881780538302,62.78,0,60
1363,3,11-11-2021 14:00,41.097935368043,59.21,0,60
1364,3,11-11-2021 15:00,39.8566251728907,57.97,0,60
1365,3,11-11-2021 16:00,41.0577098150782,54.72,0,60
1366,3,11-11-2021 17:00,39.3842863416777,57.8,0,60
1367,3,11-11-2021 18:00,41.0802871046228,55.55,0,60
1368,3,11-11-2021 19:00,38.848134692069,57.58,0,60
1369,3,11-11-2021 20:00,38.9146595847416,55.78,0,60
1370,3,11-11-2021 21:00,39.183041025641,54.58,0,60
1371,3,11-11-2021 22:00,38.5056144183506,58.72,0,60
1372,3,11-11-2021 23:00,39.8251853964632,54.39,0,60
1373,3,12-11-2021 0:00,39.771453990849,65.09,0,60
1374,3,12-11-2021 1:00,39.9722425474254,57.11,0,60
1375,3,12-11-2021 2:00,38.0473658536586,59.11,0,60
1376,3,12-11-2021 3:00,37.9182679180887,55.74,0,60
1377,3,12-11-2021 4:00,38.9676169590643,54.49,0,60
1378,3,12-11-2021 5:00,38.5886543909348,58.33,0,60
1379,3,12-11-2021 6:00,37.5825555555555,53.93,0,60
1380,3,12-11-2021 7:00,38.7292814371257,48.21,0,60
1381,3,12-11-2021 8:00,35.8271962616822,46.68,0,60
1382,3,12-11-2021 9:00,49.032,51.7,0,60
1383,3,12-11-2021 10:00,42.0337878787878,45.44,0,60
1384,3,12-11-2021 11:00,42.2196313364055,59.1,0,60
1385,3,12-11-2021 12:00,40.6303079710144,57.19,0,60
1386,3,12-11-2021 13:00,41.6375687103594,58.38,0,60
1387,3,12-11-2021 14:00,41.1903639240507,56.55,0,60
1388,3,12-11-2021 15:00,41.0283969465648,55.88,0,60
1389,3,12-11-2021 16:00,39.0410292463442,53.33,0,60
1390,3,12-11-2021 17:00,39.8338225880199,53.27,0,60
1391,3,12-11-2021 18:00,39.7667390231869,70.96,0,60
1392,3,12-11-2021 19:00,39.2524906507105,53.43,0,60
1393,3,12-11-2021 20:00,39.9287211291702,57.49,0,60
1394,3,12-11-2021 21:00,38.5579948453608,63.91,0,60
1395,3,12-11-2021 22:00,39.511694015444,56.95,0,60
1396,3,12-11-2021 23:00,38.2516374501992,52.13,0,60
1397,3,13-11-2021 0:00,38.6722690217391,51.6,0,60
1398,3,13-11-2021 1:00,37.9760594386351,58.94,0,60
1399,3,13-11-2021 2:00,38.6766366095582,54.18,0,60
1400,3,13-11-2021 3:00,37.1820926090828,53.55,0,60
1401,3,13-11-2021 4:00,37.2883926380367,49.32,0,60
1402,3,13-11-2021 5:00,38.6555121951219,54.32,0,60
1403,3,13-11-2021 6:00,38.4881557377048,57.44,0,60
1404,3,13-11-2021 7:00,39.9618993135011,48.05,0,60
1405,3,13-11-2021 8:00,40.0116541353383,46.49,0,60
1406,3,13-11-2021 9:00,46.7185365853658,48.64,0,60
1407,3,13-11-2021 10:00,39.783829787234,49.02,0,60
1408,3,13-11-2021 11:00,37.6822222222222,44.54,0,60
1409,3,13-11-2021 12:00,39.5231132075471,54.5,0,60
1410,3,13-11-2021 13:00,41.6514640198511,63.1,0,60
1411,3,13-11-2021 14:00,39.4756038647342,53.89,0,60
1412,3,13-11-2021 15:00,39.9261597222222,58.2,0,60
1413,3,13-11-2021 16:00,40.0280196801967,66.13,0,60
1414,3,13-11-2021 17:00,39.4977130977131,58.58,0,60
1415,3,13-11-2021 18:00,38.8525011687704,60.37,0,60
1416,3,13-11-2021 19:00,41.2457759919637,57.17,0,60
1417,3,13-11-2021 20:00,39.1800778032036,57.07,0,60
1418,3,13-11-2021 21:00,40.7356794258372,58.6,0,60
1419,3,13-11-2021 22:00,40.0628775167784,55.77,0,60
1420,3,13-11-2021 23:00,38.8503071985327,52.79,0,60
1421,3,14-11-2021 0:00,38.171659939455,53.9,0,60
1422,3,14-11-2021 1:00,37.6140466472302,54.71,0,60
1423,3,14-11-2021 2:00,39.2668582755203,64.72,0,60
1424,3,14-11-2021 3:00,37.9485799701045,51.92,0,60
1425,3,14-11-2021 4:00,36.6859200968522,50.87,0,60
1426,3,14-11-2021 5:00,37.4112779973649,51.68,0,60
1427,3,14-11-2021 6:00,39.9798892988929,55.86,0,60
1428,3,14-11-2021 7:00,37.5167256637168,49.6,0,60
1429,3,14-11-2021 8:00,38.5528619528619,49.69,0,60
1430,3,14-11-2021 9:00,35.2170666666666,47.16,0,60
1431,3,14-11-2021 10:00,39.7174825174825,50.5,0,60
1432,3,14-11-2021 11:00,43.4103571428571,52.15,0,60
1433,3,14-11-2021 12:00,40.6169565217391,50.33,0,60
1434,3,14-11-2021 13:00,40.0908977556109,59.66,0,60
1435,3,14-11-2021 14:00,39.3208045977011,51.46,0,60
1436,3,14-11-2021 15:00,39.4095610913403,57.78,0,60
1437,3,14-11-2021 16:00,39.7988928317955,53.29,0,60
1438,3,14-11-2021 17:00,40.5103123521061,54.09,0,60
1439,3,14-11-2021 18:00,36.008712962963,56.23,0,60
1440,3,14-11-2021 19:00,34.9841608876559,57.4,0,60
1441,3,14-11-2021 20:00,38.8085372069316,53.58,0,60
1442,3,14-11-2021 21:00,38.6065196917808,50.76,0,60
1443,3,14-11-2021 22:00,38.9887771898882,59.34,0,60
1444,3,14-11-2021 23:00,37.6901950805767,53.59,0,60
1445,3,15-11-2021 0:00,38.8666817010308,56.22,0,60
1446,3,15-11-2021 1:00,39.1266355140186,59.34,0,60
1447,3,15-11-2021 2:00,37.3661750405186,53.04,0,60
1448,3,15-11-2021 3:00,37.0414201183432,46.71,0,60
1449,3,15-11-2021 4:00,38.2188524590164,54.1,0,60
1450,3,15-11-2021 5:00,41.7452413793103,50.73,0,60
1451,3,15-11-2021 6:00,42.0079478827361,56.41,0,60
1452,3,15-11-2021 7:00,38.6209933774834,56.75,0,60
1453,3,15-11-2021 8:00,40.601914893617,44.29,0,60
1454,3,15-11-2021 9:00,15.97875,17.68,0,60
1455,3,15-11-2021 10:00,39.7957575757575,46.82,0,60
1456,3,15-11-2021 11:00,39.6543571428571,47.21,0,60
1457,3,15-11-2021 12:00,42.7237054631829,60.13,0,60
1458,3,15-11-2021 13:00,40.3022152230971,63.74,0,60
1459,3,15-11-2021 14:00,39.2480384284486,56.75,0,60
1460,3,15-11-2021 15:00,37.4594966887417,53.81,0,60
1461,3,15-11-2021 16:00,38.420402097902,57.84,0,60
1462,3,15-11-2021 17:00,38.2682107657316,50.55,0,60
1463,3,15-11-2021 18:00,39.9563988095237,63.63,0,60
1464,3,15-11-2021 19:00,37.1965259117082,54.78,0,60
1465,3,15-11-2021 20:00,38.6988851351352,53.69,0,60
1466,3,15-11-2021 21:00,24.8726891415131,52.14,0,60
1467,3,15-11-2021 22:00,27.8398066528067,55.25,0,60
1468,3,15-11-2021 23:00,25.3616233592284,57.91,0,60
1469,3,16-11-2021 0:00,28.2047382812499,53.32,0,60
1470,3,16-11-2021 1:00,33.1510995260663,49.37,0,60
1471,3,16-11-2021 2:00,25.6460095824777,50.37,0,60
1472,3,16-11-2021 3:00,21.933529082774,46.57,0,60
1473,3,16-11-2021 4:00,18.0210899742931,51.11,0,60
1474,3,16-11-2021 5:00,11.1673218370578,52.26,0,60
1475,3,16-11-2021 6:00,10.6675452235012,48.85,0,60
1476,3,16-11-2021 7:00,13.8283299127757,48.92,0,60
1477,3,16-11-2021 8:00,16.4244407425035,46.39,0,60
1478,3,16-11-2021 9:00,15.6310318559556,44.13,0,60
1479,3,16-11-2021 10:00,13.9463166063114,41.72,0,60
1480,3,16-11-2021 11:00,13.9309466984884,31.9,0,60
1481,3,16-11-2021 12:00,21.9654207920791,46.97,0,60
1482,3,16-11-2021 13:00,30.3266272189348,49.64,0,60
1483,3,16-11-2021 14:00,28.2338130759104,51.96,0,60
1484,3,16-11-2021 15:00,26.969435387674,53.53,0,60
1485,3,16-11-2021 16:00,25.023162601626,44.13,0,60
1486,3,16-11-2021 17:00,20.6793609022556,47.93,0,60
1487,3,16-11-2021 18:00,29.2058070678127,58.47,0,60
1488,3,16-11-2021 19:00,31.4235866666666,48.71,0,60
1489,3,16-11-2021 20:00,30.1229712460064,45.61,0,60
1490,3,16-11-2021 21:00,28.403155021834,46.89,0,60
1491,3,16-11-2021 22:00,27.7921339491916,49.85,0,60
1492,3,16-11-2021 23:00,31.1489288135593,49.4,0,60
1493,3,17-11-2021 0:00,31.1417431192661,44.23,0,60
1494,3,17-11-2021 1:00,32.7847623163352,49.53,0,60
1495,3,17-11-2021 2:00,31.9989924160346,47.56,0,60
1496,3,17-11-2021 3:00,32.7532289950576,48.47,0,60
1497,3,17-11-2021 4:00,31.3412798634812,42.84,0,60
1498,3,17-11-2021 5:00,32.6036363636363,42.97,0,60
1499,3,17-11-2021 6:00,30.9794871794872,40.81,0,60
1500,3,17-11-2021 7:00,33.3378832116788,41.28,0,60
1501,3,17-11-2021 8:00,37.6810714285714,43.61,0,60
1502,3,17-11-2021 9:00,35.9092307692307,38.08,0,60
1503,3,17-11-2021 10:00,32.583431372549,42.92,0,60
1504,3,17-11-2021 11:00,30.5399159663865,39.79,0,60
1505,3,17-11-2021 12:00,36.9274463519313,47.22,0,60
1506,3,17-11-2021 13:00,34.1353628318584,58.09,0,60
1507,3,17-11-2021 14:00,33.6974225053079,50.11,0,60
1508,3,17-11-2021 15:00,32.5880884158821,51.72,0,60
1509,3,17-11-2021 16:00,32.3175727348296,47.38,0,60
1510,3,17-11-2021 17:00,24.4316253776434,44.67,0,60
1511,3,17-11-2021 18:00,30.7692153846154,54.69,0,60
1512,3,17-11-2021 19:00,31.2569945725916,47.36,0,60
1513,3,17-11-2021 20:00,32.2648700754401,44.88,0,60
1514,3,17-11-2021 21:00,31.2280183486238,52.2,0,60
1515,3,17-11-2021 22:00,29.0668615494978,45.22,0,60
1516,3,17-11-2021 23:00,30.7832869565216,48.84,0,60
1517,3,18-11-2021 0:00,32.2577011494252,50.26,0,60
1518,3,18-11-2021 1:00,32.1687579908675,49.5,0,60
1519,3,18-11-2021 2:00,32.3429807692307,44.71,0,60
1520,3,18-11-2021 3:00,30.5783178534571,43.11,0,60
1521,3,18-11-2021 4:00,32.1651488616462,44.34,0,60
1522,3,18-11-2021 5:00,28.903901734104,45.93,0,60
1523,3,18-11-2021 6:00,32.2810803324099,41.21,0,60
1524,3,18-11-2021 7:00,38.3361212121212,53.31,0,60
1525,3,18-11-2021 8:00,23.1664999999999,35.14,0,60
1526,3,18-11-2021 9:00,13.5647368421052,15.71,0,60
1527,3,18-11-2021 10:00,30.8520958083832,36.26,0,60
1528,3,18-11-2021 11:00,30.4392385786802,41.91,0,60
1529,3,18-11-2021 12:00,34.401576673866,47.93,0,60
1530,3,18-11-2021 13:00,33.264986522911,50.18,0,60
1531,3,18-11-2021 14:00,33.4266454521347,48.18,0,60
1532,3,18-11-2021 15:00,31.552476635514,49.43,0,60
1533,3,18-11-2021 16:00,32.2219146608315,51.02,0,60
1534,3,18-11-2021 17:00,31.8881779661016,59.69,0,60
1535,3,18-11-2021 18:00,32.7307720758206,56.72,0,60
1536,3,18-11-2021 19:00,32.1734611090434,45.21,0,60
1537,3,18-11-2021 20:00,33.3091054904379,54.8,0,60
1538,3,18-11-2021 21:00,32.6187346134908,68.32,0,60
1539,3,18-11-2021 22:00,32.2973618165521,49.1,0,60
1540,3,18-11-2021 23:00,35.4516141304347,50.58,0,60
1541,3,19-11-2021 0:00,33.4399213217938,51.55,0,60
1542,3,19-11-2021 1:00,33.7277183240787,58.65,0,60
1543,3,19-11-2021 2:00,32.3455358316897,47.45,0,60
1544,3,19-11-2021 3:00,35.4993786246892,55.69,0,60
1545,3,19-11-2021 4:00,33.0965539803707,54.37,0,60
1546,3,19-11-2021 5:00,29.6118027210884,47,0,60
1547,3,19-11-2021 6:00,33.250944055944,48.87,0,60
1548,3,19-11-2021 7:00,39.2251219512195,62.84,0,60
1549,3,19-11-2021 8:00,38.5852307692307,46.09,0,60
1550,3,19-11-2021 9:00,35.9129411764705,37.89,0,60
1551,3,19-11-2021 10:00,34.0124675324675,37.21,0,60
1552,3,19-11-2021 11:00,34.1906779661017,44.03,0,60
1553,3,19-11-2021 12:00,38.9954452054794,52.25,0,60
1554,3,19-11-2021 13:00,34.437430617726,52.84,0,60
1555,3,19-11-2021 14:00,34.3689932705249,49.89,0,60
1556,3,19-11-2021 15:00,32.3086923076922,50.32,0,60
1557,3,19-11-2021 16:00,33.4726805555556,51.19,0,60
1558,3,19-11-2021 17:00,35.2437144390767,48.6,0,60
1559,3,19-11-2021 18:00,33.7379958506223,49.91,0,60
1560,3,19-11-2021 19:00,34.887395371738,63.63,0,60
1561,3,19-11-2021 20:00,35.2966459948321,57.43,0,60
1562,3,19-11-2021 21:00,34.718509073075,52.92,0,60
1563,3,19-11-2021 22:00,32.5155419630156,47.54,0,60
1564,3,19-11-2021 23:00,35.4990887629838,50.2,0,60
1565,3,20-11-2021 0:00,34.6806415094337,51.79,0,60
1566,3,20-11-2021 1:00,33.7305908485116,47.64,0,60
1567,3,20-11-2021 2:00,36.1834617360041,54.41,0,60
1568,3,20-11-2021 3:00,33.7305405405405,52.63,0,60
1569,3,20-11-2021 4:00,34.2163390170512,52.45,0,60
1570,3,20-11-2021 5:00,34.444429906542,53.23,0,60
1571,3,20-11-2021 6:00,34.5445253863135,45.06,0,60
1572,3,20-11-2021 7:00,31.4079583333333,46.83,0,60
1573,3,20-11-2021 8:00,34.8122119815668,43.38,0,60
1574,3,20-11-2021 9:00,36.0935714285713,52.64,0,60
1575,3,20-11-2021 10:00,33.5430935251798,42.46,0,60
1576,3,20-11-2021 11:00,37.0418390804597,42.21,0,60
1577,3,20-11-2021 12:00,37.2409157509157,54.33,0,60
1578,3,20-11-2021 13:00,33.8820857142857,55.21,0,60
1579,3,20-11-2021 14:00,36.5109181636726,56.58,0,60
1580,3,20-11-2021 15:00,37.2111722619702,50,0,60
1581,3,20-11-2021 16:00,30.752546800174,50.08,0,60
1582,3,20-11-2021 17:00,20.4788096459721,54.35,0,60
1583,3,20-11-2021 18:00,19.2564402375648,53.24,0,60
1584,3,20-11-2021 19:00,20.1227562642369,48.78,0,60
1585,3,20-11-2021 20:00,32.9121138211382,51.38,0,60
1586,3,20-11-2021 21:00,32.9011140939597,56.29,0,60
1587,3,20-11-2021 22:00,32.7494213886672,50.83,0,60
1588,3,20-11-2021 23:00,35.9999430199429,56.36,0,60
1589,3,21-11-2021 0:00,34.9418035714286,52,0,60
1590,3,21-11-2021 1:00,34.6952481572481,52.85,0,60
1591,3,21-11-2021 2:00,35.9271428571428,50.19,0,60
1592,3,21-11-2021 3:00,35.3818075539568,58.09,0,60
1593,3,21-11-2021 4:00,34.8256088560885,54.06,0,60
1594,3,21-11-2021 5:00,31.6461195779601,53.15,0,60
1595,3,21-11-2021 6:00,35.0323798076922,52.45,0,60
1596,3,21-11-2021 7:00,34.5004812834224,43.59,0,60
1597,3,21-11-2021 8:00,34.8395238095238,45.59,0,60
1598,3,21-11-2021 9:00,30.1863281249999,39.59,0,60
1599,3,21-11-2021 10:00,37.1360227272727,49.07,0,60
1600,3,21-11-2021 11:00,39.6190625,50.69,0,60
1601,3,21-11-2021 12:00,34.0334343434343,43.01,0,60
1602,3,21-11-2021 13:00,34.3035597189695,53.58,0,60
1603,3,21-11-2021 14:00,38.2002985074626,57.92,0,60
1604,3,21-11-2021 15:00,36.0736745138178,46.11,0,60
1605,3,21-11-2021 16:00,37.4258241758242,54.65,0,60
1606,3,21-11-2021 17:00,38.5853416797078,58.17,0,60
1607,3,21-11-2021 18:00,35.8506594885599,54.85,0,60
1608,3,21-11-2021 19:00,35.2095392424832,50.74,0,60
1609,3,21-11-2021 20:00,36.2089031620553,50.2,0,60
1610,3,21-11-2021 21:00,36.0281092263136,62.93,0,60
1611,3,21-11-2021 22:00,34.477149300857,50.59,0,60
1612,3,21-11-2021 23:00,36.0102721829069,56.2,0,60
1613,3,22-11-2021 0:00,34.4662102272727,50.05,0,60
1614,3,22-11-2021 1:00,33.8289831932773,49.56,0,60
1615,3,22-11-2021 2:00,34.0985007496251,48.05,0,60
1616,3,22-11-2021 3:00,36.1176082862522,49.41,0,60
1617,3,22-11-2021 4:00,34.2608344549124,49.07,0,60
1618,3,22-11-2021 5:00,35.121412803532,45.19,0,60
1619,3,22-11-2021 6:00,35.5165827338129,48.22,0,60
1620,3,22-11-2021 7:00,35.7691666666666,39.88,0,60
1621,3,22-11-2021 8:00,38.6503846153846,39.84,0,60
1622,3,22-11-2021 9:00,37.6563025210083,44.17,0,60
1623,3,22-11-2021 10:00,35.5503267973856,41.21,0,60
1624,3,22-11-2021 11:00,36.4160128617363,41.6,0,60
1625,3,22-11-2021 12:00,40.1521890547263,50.05,0,60
1626,3,22-11-2021 13:00,35.6198736637513,56.43,0,60
1627,3,22-11-2021 14:00,35.8546175799086,59.98,0,60
1628,3,22-11-2021 15:00,34.0106599123767,61.1,0,60
1629,3,22-11-2021 16:00,35.0491684665226,54.6,0,60
1630,3,22-11-2021 17:00,36.0025610482429,53.91,0,60
1631,3,22-11-2021 18:00,35.3036581096851,53.18,0,60
1632,3,22-11-2021 19:00,34.1521906225979,47.84,0,60
1633,3,22-11-2021 20:00,36.0262375658279,56.85,0,60
1634,3,22-11-2021 21:00,34.8272679814384,48.19,0,60
1635,3,22-11-2021 22:00,28.1594170533643,47.21,0,60
1636,3,22-11-2021 23:00,33.2872382522671,49.42,0,60
1637,3,23-11-2021 0:00,35.8502631578947,49.7,0,60
1638,3,23-11-2021 1:00,36.1468253968254,54.17,0,60
1639,3,23-11-2021 2:00,35.3375924528302,50.86,0,60
1640,3,23-11-2021 3:00,37.293261802575,53.76,0,60
1641,3,23-11-2021 4:00,37.1667552447552,52.84,0,60
1642,3,23-11-2021 5:00,37.2727833001988,60.99,0,60
1643,3,23-11-2021 6:00,38.607182320442,50.82,0,60
1644,3,23-11-2021 7:00,35.4243636363636,41.13,0,60
1645,3,23-11-2021 8:00,32.0318235294117,46.75,0,60
1646,3,23-11-2021 9:00,0,0,0,60
1647,3,23-11-2021 10:00,35.4132283464566,41.51,0,60
1648,3,23-11-2021 11:00,35.2833823529412,46.43,0,60
1649,3,23-11-2021 12:00,42.393626609442,49.49,0,60
1650,3,23-11-2021 13:00,39.3181240840253,58.04,0,60
1651,3,23-11-2021 14:00,37.9916002452483,55.14,0,60
1652,3,23-11-2021 15:00,35.6674653857022,53.59,0,60
1653,3,23-11-2021 16:00,35.7194696969697,52.9,0,60
1654,3,23-11-2021 17:00,34.9989590747331,49.5,0,60
1655,3,23-11-2021 18:00,38.5997088122605,56.37,0,60
1656,3,23-11-2021 19:00,37.9399675148891,71.42,0,60
1657,3,23-11-2021 20:00,37.4178488726386,54.06,0,60
1658,3,23-11-2021 21:00,36.6985344239944,44.56,0,60
1659,3,23-11-2021 22:00,35.6826841496336,55.77,0,60
1660,3,23-11-2021 23:00,36.6822503389065,56.37,0,60
1661,3,06-12-2021 20:00,36.211384,59.24,1,60
1662,3,06-12-2021 21:00,35.7274193548387,52.52,1,60
1663,3,06-12-2021 22:00,35.3830173482031,52.12,1,60
1664,3,06-12-2021 23:00,36.4746767050486,54.67,1,60
1665,3,07-12-2021 0:00,35.8903064202334,66.64,1,60
1666,3,07-12-2021 1:00,36.222658711217,53.34,1,60
1667,3,07-12-2021 2:00,36.7071385902031,58.35,1,60
1668,3,07-12-2021 3:00,36.6886431014823,51.59,1,60
1669,3,07-12-2021 4:00,37.6461966604823,50.23,1,60
1670,3,07-12-2021 5:00,34.4264102564103,48.34,1,60
1671,3,07-12-2021 6:00,37.1713253012048,46.66,1,60
1672,3,07-12-2021 7:00,43.5151315789473,62.37,1,60
1673,3,07-12-2021 8:00,43.436875,45.62,1,60
1674,3,07-12-2021 9:00,37.8899999999999,40.13,1,60
1675,3,07-12-2021 10:00,44.5345833333333,49.76,1,60
1676,3,07-12-2021 11:00,38.7507518796992,46.58,1,60
1677,3,07-12-2021 12:00,40.2986590584878,56.22,1,60
1678,3,07-12-2021 13:00,37.5937978021977,55.23,1,60
1679,3,07-12-2021 14:00,37.6833493128793,59.28,1,60
1680,3,07-12-2021 15:00,34.8434050991501,51.53,1,60
1681,3,07-12-2021 16:00,34.8099603399433,53.23,1,60
1682,3,07-12-2021 17:00,37.4917341040462,62.19,1,60
1683,3,07-12-2021 18:00,38.9548879999999,51.3,1,60
1684,3,07-12-2021 19:00,35.70059602649,52.04,1,60
1685,3,07-12-2021 20:00,38.4966467065868,56.84,1,60
1686,3,07-12-2021 21:00,34.7926648351647,51.27,1,60
1687,3,07-12-2021 22:00,35.0190914542728,56.56,1,60
1688,3,07-12-2021 23:00,36.3696446023988,54.5,1,60
1689,3,08-12-2021 0:00,38.0087556973563,55.56,1,60
1690,3,08-12-2021 1:00,36.6528941285253,50.95,1,60
1691,3,08-12-2021 2:00,36.5338578680203,51.72,1,60
1692,3,08-12-2021 3:00,35.3061885656971,56.3,1,60
1693,3,08-12-2021 4:00,36.1435476463834,49.95,1,60
1694,3,08-12-2021 5:00,38.3865040650407,52.56,1,60
1695,3,08-12-2021 6:00,39.555404040404,60.99,1,60
1696,3,08-12-2021 7:00,41.1068799999999,59.2,1,60
1697,3,08-12-2021 8:00,41.0589655172413,50.98,1,60
1698,3,08-12-2021 9:00,45.6036363636363,47.6,1,60
1699,3,08-12-2021 10:00,38.2279738562091,45.2,1,60
1700,3,08-12-2021 11:00,34.833313253012,55.8,1,60
1701,3,08-12-2021 12:00,35.3508815028901,49.07,1,60
1702,3,08-12-2021 13:00,31.052785046729,44.68,1,60
1703,3,08-12-2021 14:00,31.9992530612245,58.55,1,60
1704,3,08-12-2021 15:00,32.4148849639786,50.24,1,60
1705,3,08-12-2021 16:00,32.7573365122616,54.6,1,60
1706,3,08-12-2021 17:00,30.1375511751326,53.68,1,60
1707,3,08-12-2021 18:00,32.6477662721892,59.87,1,60
1708,3,08-12-2021 19:00,36.3726237288136,54.52,1,60
1709,3,08-12-2021 20:00,38.2711637931034,51.98,1,60
1710,3,08-12-2021 21:00,36.0439477303989,54.61,1,60
1711,3,08-12-2021 22:00,34.765297349709,52.56,1,60
1712,3,08-12-2021 23:00,36.4623388817755,51.64,1,60
1713,3,09-12-2021 0:00,36.174782051282,53.84,1,60
1714,3,09-12-2021 1:00,36.0498414179103,49.45,1,60
1715,3,09-12-2021 2:00,36.000278983261,54.25,1,60
1716,3,09-12-2021 3:00,34.9899574920298,52.86,1,60
1717,3,09-12-2021 4:00,35.5418987341771,45.74,1,60
1718,3,09-12-2021 5:00,38.6586390532544,50.67,1,60
1719,3,09-12-2021 6:00,38.9077586206896,45.19,1,60
1720,3,09-12-2021 7:00,39.1279591836734,67.28,1,60
1721,3,09-12-2021 8:00,40.1898630136986,58,1,60
1722,3,09-12-2021 9:00,33.8474137931034,36.25,1,60
1723,3,09-12-2021 10:00,34.3605952380952,38.37,1,60
1724,3,09-12-2021 11:00,32.7847674418604,41.61,1,60
1725,3,09-12-2021 12:00,38.0815995397008,51.18,1,60
1726,3,09-12-2021 13:00,37.6401440768409,55.7,1,60
1727,3,09-12-2021 14:00,35.9940896646131,57.11,1,60
1728,3,09-12-2021 15:00,35.3088142644873,56.71,1,60
1729,3,09-12-2021 16:00,36.2677494976557,51.48,1,60
1730,3,09-12-2021 17:00,37.3555147588192,51.72,1,60
1731,3,09-12-2021 18:00,36.5657776694295,54.08,1,60
1732,3,09-12-2021 19:00,37.7223905109488,56.15,1,60
1733,3,09-12-2021 20:00,36.4717028985507,52.02,1,60
1734,3,09-12-2021 21:00,36.3121243243243,62.73,1,60
1735,3,09-12-2021 22:00,35.1605476059438,52.81,1,60
1736,3,09-12-2021 23:00,35.2003887688985,53.83,1,60
1737,3,10-12-2021 0:00,36.0261843846493,53.91,1,60
1738,3,10-12-2021 1:00,36.7982070561018,51.98,1,60
1739,3,10-12-2021 2:00,35.5366855926188,55.09,1,60
1740,3,10-12-2021 3:00,34.9196815920397,55.57,1,60
1741,3,10-12-2021 4:00,34.1862199747156,48.98,1,60
1742,3,10-12-2021 5:00,37.9887755102041,52.98,1,60
1743,3,10-12-2021 6:00,36.5723423423423,49.93,1,60
1744,3,10-12-2021 7:00,36.291338028169,60.61,1,60
1745,3,10-12-2021 8:00,39.8909302325581,41.53,1,60
1746,3,10-12-2021 9:00,38.3292920353982,44.47,1,60
1747,3,10-12-2021 10:00,36.4610714285714,44.8,1,60
1748,3,10-12-2021 11:00,33.1856976744186,44.09,1,60
1749,3,10-12-2021 12:00,38.3821739130434,46.87,1,60
1750,3,10-12-2021 13:00,38.0015867158672,56.52,1,60
1751,3,10-12-2021 14:00,36.6795360824742,57.55,1,60
1752,3,10-12-2021 15:00,34.435771647091,51.63,1,60
1753,3,10-12-2021 16:00,37.1896474358973,54.06,1,60
1754,3,10-12-2021 17:00,36.04086722195,55.25,1,60
1755,3,10-12-2021 18:00,37.1825221932114,53.41,1,60
1756,3,10-12-2021 19:00,37.3198082454457,54.82,1,60
1757,3,10-12-2021 20:00,37.4756262833676,51.37,1,60
1758,3,10-12-2021 21:00,36.7123648279628,52.12,1,60
1759,3,10-12-2021 22:00,35.5507774886142,54.09,1,60
1760,3,10-12-2021 23:00,36.9579498690609,51.51,1,60
1761,3,11-12-2021 0:00,36.0860411115341,52.69,1,60
1762,3,11-12-2021 1:00,36.6090171149143,58.53,1,60
1763,3,11-12-2021 2:00,35.6636044362291,54.84,1,60
1764,3,11-12-2021 3:00,36.0651066580478,47.7,1,60
1765,3,11-12-2021 4:00,36.7759153005463,52.5,1,60
1766,3,11-12-2021 5:00,36.1477903043968,54.93,1,60
1767,3,11-12-2021 6:00,36.2575471698113,53.76,1,60
1768,3,11-12-2021 7:00,36.2988378378378,45.42,1,60
1769,3,11-12-2021 8:00,37.4292647058823,65.58,1,60
1770,3,11-12-2021 9:00,40.3106451612903,46.35,1,60
1771,3,11-12-2021 10:00,39.709224137931,56.52,1,60
1772,3,11-12-2021 11:00,40.9995054945055,45.6,1,60
1773,3,11-12-2021 12:00,44.7799999999999,51.78,1,60
1774,3,11-12-2021 13:00,39.0419594594594,57.21,1,60
1775,3,11-12-2021 14:00,35.830544600939,54.45,1,60
1776,3,11-12-2021 15:00,41.8544133574007,60.63,1,60
1777,3,11-12-2021 16:00,38.9884834398605,55.68,1,60
1778,3,11-12-2021 17:00,37.6763553033609,51.27,1,60
1779,3,11-12-2021 18:00,38.6000542344597,56.95,1,60
1780,3,11-12-2021 19:00,37.4064777327936,53.13,1,60
1781,3,11-12-2021 20:00,38.5517757889778,50.38,1,60
1782,3,11-12-2021 21:00,38.5168801498128,54.71,1,60
1783,3,11-12-2021 22:00,38.8865139826423,55.53,1,60
1784,3,11-12-2021 23:00,38.610227823558,55.94,1,60
1785,3,12-12-2021 0:00,36.5620486111111,48.79,1,60
1786,3,12-12-2021 1:00,37.4624925283921,57.43,1,60
1787,3,12-12-2021 2:00,37.1071195992486,51.64,1,60
1788,3,12-12-2021 3:00,36.0115029277814,47.11,1,60
1789,3,12-12-2021 4:00,31.9966368715083,44.82,1,60
1790,3,12-12-2021 5:00,35.4549360341151,59.93,1,60
1791,3,12-12-2021 6:00,35.9616803953871,46.08,1,60
1792,3,12-12-2021 7:00,39.1670410958904,64.61,1,60
1793,3,12-12-2021 8:00,32.4207692307692,53.62,1,60
1794,3,12-12-2021 9:00,36.2362307692307,58.06,1,60
1795,3,12-12-2021 10:00,37.2963636363636,43.01,1,60
1796,3,12-12-2021 11:00,43.7026153846153,53.48,1,60
1797,3,12-12-2021 12:00,37.49125,48.87,1,60
1798,3,12-12-2021 13:00,26.7085129310344,46.42,1,60
1799,3,12-12-2021 14:00,31.2622140762463,54.96,1,60
1800,3,12-12-2021 15:00,37.1868725361366,51.76,1,60
1801,3,12-12-2021 16:00,34.1484584664536,49.08,1,60
1802,3,12-12-2021 17:00,36.8130515848352,47.74,1,60
1803,3,12-12-2021 18:00,37.0867879980324,56.65,1,60
1804,3,12-12-2021 19:00,36.8123953365129,52.49,1,60
1805,3,12-12-2021 20:00,36.4518503937008,60.43,1,60
1806,3,12-12-2021 21:00,38.4890890990542,51.36,1,60
1807,3,12-12-2021 22:00,36.997396668723,51.47,1,60
1808,3,12-12-2021 23:00,36.9816923868312,53.12,1,60
1809,3,13-12-2021 0:00,36.4720737039349,49.75,1,60
1810,3,13-12-2021 1:00,36.186068779501,51.51,1,60
1811,3,13-12-2021 2:00,35.1128855250709,56.16,1,60
1812,3,13-12-2021 3:00,37.4751550387596,55.98,1,60
1813,3,13-12-2021 4:00,36.1125821596244,46.08,1,60
1814,3,13-12-2021 5:00,37.1313707865168,50.19,1,60
1815,3,13-12-2021 6:00,36.2790769230769,60.76,1,60
1816,3,13-12-2021 7:00,35.9850381679389,40.88,1,60
1817,3,13-12-2021 8:00,38.9576576576576,45.51,1,60
1818,3,13-12-2021 9:00,40.9087804878048,45.32,1,60
1819,3,13-12-2021 10:00,39.2651546391752,48.42,1,60
1820,3,13-12-2021 11:00,33.7907058823529,41.73,1,60
1821,3,13-12-2021 12:00,40.7404726735598,53.86,1,60
1822,3,13-12-2021 13:00,36.8302560521414,57.16,1,60
1823,3,13-12-2021 14:00,37.0613787737317,51.47,1,60
1824,3,13-12-2021 15:00,34.6726676427525,48.66,1,60
1825,3,13-12-2021 16:00,37.4714031180401,55.38,1,60
1826,3,13-12-2021 17:00,37.9121659482758,52.44,1,60
1827,3,13-12-2021 18:00,35.6033262032085,52.38,1,60
1828,3,13-12-2021 19:00,39.2400625711035,56.22,1,60
1829,3,13-12-2021 20:00,37.2496109422492,51.03,1,60
1830,3,13-12-2021 21:00,36.0046283074338,54.28,1,60
1831,3,13-12-2021 22:00,34.8425582701488,53.99,1,60
1832,3,13-12-2021 23:00,37.1273092868988,53.68,1,60
1833,3,14-12-2021 0:00,36.5158202443281,51.68,1,60
1834,3,14-12-2021 1:00,36.8721845672575,52.96,1,60
1835,3,14-12-2021 2:00,28.9125517241379,51.31,1,60
1836,3,14-12-2021 3:00,24.3958424507659,54.38,1,60
1837,3,14-12-2021 4:00,18.3563960684383,49.97,1,60
1838,3,14-12-2021 5:00,14.1821138461538,46.85,1,60
1839,3,14-12-2021 6:00,14.6339581526452,39.8,1,60
1840,3,14-12-2021 7:00,12.8367455426834,51.11,1,60
1841,3,14-12-2021 8:00,12.5621615958427,44.11,1,60
1842,3,14-12-2021 9:00,9.74016535874434,35.11,1,60
1843,3,14-12-2021 10:00,9.6542628331364,42.78,1,60
1844,3,14-12-2021 11:00,9.44611470113086,39.18,1,60
1845,3,14-12-2021 12:00,12.2380570077172,52.86,1,60
1846,3,14-12-2021 13:00,14.7647715648028,46.46,1,60
1847,3,14-12-2021 14:00,23.3858081405167,56.28,1,60
1848,3,14-12-2021 15:00,32.383062553071,53.58,1,60
1849,3,14-12-2021 16:00,20.6078454070201,50.43,1,60
1850,3,14-12-2021 17:00,21.6999819168174,50.1,1,60
1851,3,14-12-2021 18:00,32.8202882305844,51.68,1,60
1852,3,14-12-2021 19:00,33.7531327334083,55.52,1,60
1853,3,14-12-2021 20:00,29.4655339265851,45.32,1,60
1854,3,14-12-2021 21:00,27.7879248580165,49.36,1,60
1855,3,14-12-2021 22:00,28.3557263310044,52.97,1,60
1856,3,14-12-2021 23:00,34.6015543831168,52.13,1,60
