,camera,date,hour,zone,person,car,bicycle,motorcycle,truck,dog
0,1,05-12-2021,23,0,0,0,0,0,0,0
1,1,05-12-2021,23,1,0,0,0,0,0,0
2,1,05-12-2021,23,2,0,29,0,0,0,0
3,1,05-12-2021,22,0,0,0,0,0,0,0
4,1,05-12-2021,22,1,4,0,0,0,0,0
5,1,05-12-2021,22,2,0,46,0,0,0,0
6,1,05-12-2021,21,0,0,27,0,0,0,0
7,1,05-12-2021,21,1,1,0,0,0,0,0
8,1,05-12-2021,21,2,0,68,0,0,0,0
9,1,05-12-2021,20,0,0,72,0,0,0,0
10,1,05-12-2021,20,1,3,0,0,0,0,0
11,1,05-12-2021,20,2,0,63,0,0,0,0
12,1,05-12-2021,19,0,7,36,0,0,0,0
13,1,05-12-2021,19,1,4,0,0,0,0,0
14,1,05-12-2021,19,2,0,109,0,0,1,0
15,1,05-12-2021,18,0,0,0,0,0,0,0
16,1,05-12-2021,18,1,10,0,0,0,0,0
17,1,05-12-2021,18,2,0,93,0,0,2,0
18,1,05-12-2021,17,0,9,0,0,0,0,0
19,1,05-12-2021,17,1,0,0,0,0,0,0
20,1,05-12-2021,17,2,0,46,0,0,0,0
21,1,05-12-2021,16,0,18,0,0,0,0,0
22,1,05-12-2021,16,1,6,0,0,0,0,0
23,1,05-12-2021,16,2,0,6,0,0,0,0
24,1,05-12-2021,15,0,25,0,0,0,0,0
25,1,05-12-2021,15,1,2,0,0,0,0,0
26,1,05-12-2021,15,2,0,4,0,0,0,0
27,1,05-12-2021,14,0,0,0,0,0,0,0
28,1,05-12-2021,14,1,0,0,0,0,0,0
29,1,05-12-2021,14,2,0,1,0,0,0,0
30,1,05-12-2021,13,0,13,0,0,0,0,0
31,1,05-12-2021,13,1,0,0,0,0,0,0
32,1,05-12-2021,13,2,0,0,0,0,0,0
33,1,05-12-2021,12,0,65,0,0,0,0,0
34,1,05-12-2021,12,1,15,0,0,0,0,0
35,1,05-12-2021,12,2,0,6,0,0,0,0
36,1,05-12-2021,11,0,34,0,0,0,0,0
37,1,05-12-2021,11,1,0,0,0,0,0,0
38,1,05-12-2021,11,2,0,19,0,0,1,0
39,1,05-12-2021,10,0,0,0,0,0,0,0
40,1,05-12-2021,10,1,0,0,0,0,0,0
41,1,05-12-2021,10,2,0,16,0,0,1,0
42,1,05-12-2021,9,0,6,0,0,0,0,0
43,1,05-12-2021,9,1,0,0,0,0,0,0
44,1,05-12-2021,9,2,0,15,0,0,0,0
45,1,05-12-2021,8,0,0,0,0,0,0,0
46,1,05-12-2021,8,1,0,0,0,0,0,0
47,1,05-12-2021,8,2,0,3,0,0,0,0
48,1,05-12-2021,7,0,0,0,0,0,0,0
49,1,05-12-2021,7,1,0,0,0,0,0,0
50,1,05-12-2021,7,2,0,2,0,0,0,0
51,1,05-12-2021,6,0,0,0,0,0,0,0
52,1,05-12-2021,6,1,0,0,0,0,0,0
53,1,05-12-2021,6,2,0,5,0,0,0,0
54,1,05-12-2021,5,0,0,0,0,0,0,0
55,1,05-12-2021,5,1,0,0,0,0,0,0
56,1,05-12-2021,5,2,0,1,0,0,0,0
57,1,05-12-2021,4,0,0,0,0,0,0,0
58,1,05-12-2021,4,1,0,1,0,0,0,0
59,1,05-12-2021,4,2,0,9,0,0,0,0
60,1,05-12-2021,3,0,0,0,0,0,0,0
61,1,05-12-2021,3,1,0,0,0,0,0,0
62,1,05-12-2021,3,2,0,4,0,0,0,0
63,1,05-12-2021,2,0,0,0,0,0,0,0
64,1,05-12-2021,2,1,0,0,0,0,0,0
65,1,05-12-2021,2,2,0,21,0,0,0,0
66,1,05-12-2021,1,0,0,0,0,0,0,0
67,1,05-12-2021,1,1,0,0,0,0,0,0
68,1,05-12-2021,1,2,0,25,0,0,0,0
69,1,05-12-2021,0,0,0,0,0,0,0,0
70,1,05-12-2021,0,1,0,0,0,0,0,0
71,1,05-12-2021,0,2,0,48,0,0,0,0
72,1,04-12-2021,23,0,0,0,0,0,0,0
73,1,04-12-2021,23,1,0,0,0,0,0,0
74,1,04-12-2021,23,2,0,48,0,0,0,0
75,1,04-12-2021,22,0,3,0,0,0,0,0
76,1,04-12-2021,22,1,0,0,0,0,0,0
77,1,04-12-2021,22,2,0,50,0,0,0,0
78,1,04-12-2021,21,0,0,0,0,0,0,0
79,1,04-12-2021,21,1,2,0,0,0,0,0
80,1,04-12-2021,21,2,0,42,0,0,0,0
81,1,04-12-2021,20,0,1,0,0,0,0,0
82,1,04-12-2021,20,1,1,0,0,0,0,0
83,1,04-12-2021,20,2,0,98,0,0,0,0
84,1,04-12-2021,19,0,9,2,0,0,0,0
85,1,04-12-2021,19,1,0,0,0,0,0,0
86,1,04-12-2021,19,2,0,105,0,0,0,0
87,1,04-12-2021,18,0,44,0,0,0,0,0
88,1,04-12-2021,18,1,8,0,0,0,0,0
89,1,04-12-2021,18,2,1,163,0,0,5,0
90,1,04-12-2021,17,0,67,0,0,0,0,0
91,1,04-12-2021,17,1,0,0,0,0,0,0
92,1,04-12-2021,17,2,0,94,0,0,10,0
93,1,04-12-2021,16,0,40,0,0,0,0,0
94,1,04-12-2021,16,1,15,0,0,0,0,0
95,1,04-12-2021,16,2,1,66,0,0,3,0
96,1,04-12-2021,15,0,41,0,0,0,0,0
97,1,04-12-2021,15,1,6,0,0,0,0,0
98,1,04-12-2021,15,2,0,95,0,0,9,0
99,1,04-12-2021,14,0,43,0,0,0,0,0
100,1,04-12-2021,14,1,0,0,0,0,0,0
101,1,04-12-2021,14,2,0,51,0,0,2,0
102,1,04-12-2021,13,0,127,0,0,0,0,0
103,1,04-12-2021,13,1,41,0,0,0,0,0
104,1,04-12-2021,13,2,1,26,0,0,3,0
105,1,04-12-2021,12,0,19,0,0,0,0,0
106,1,04-12-2021,12,1,3,0,0,0,0,0
107,1,04-12-2021,12,2,0,30,0,0,5,0
108,1,04-12-2021,11,0,34,0,0,0,0,0
109,1,04-12-2021,11,1,14,0,0,0,0,0
110,1,04-12-2021,11,2,0,29,0,0,1,0
111,1,04-12-2021,10,0,0,0,0,0,0,0
112,1,04-12-2021,10,1,9,0,0,0,0,0
113,1,04-12-2021,10,2,3,40,0,0,0,0
114,1,04-12-2021,9,0,0,0,0,0,0,0
115,1,04-12-2021,9,1,0,0,0,0,0,0
116,1,04-12-2021,9,2,0,4,0,0,0,0
117,1,04-12-2021,8,0,0,0,0,0,0,0
118,1,04-12-2021,8,1,0,0,0,0,0,0
119,1,04-12-2021,8,2,0,6,0,0,0,0
120,1,04-12-2021,7,0,0,0,0,0,0,0
121,1,04-12-2021,7,1,0,0,0,0,0,0
122,1,04-12-2021,7,2,0,5,0,0,0,0
123,1,04-12-2021,6,0,0,0,0,0,0,0
124,1,04-12-2021,6,1,0,0,0,0,0,0
125,1,04-12-2021,6,2,0,3,0,0,0,0
126,1,04-12-2021,5,0,0,0,0,0,0,0
127,1,04-12-2021,5,1,0,0,0,0,0,0
128,1,04-12-2021,5,2,0,7,0,0,0,0
129,1,04-12-2021,4,0,0,0,0,0,0,0
130,1,04-12-2021,4,1,0,0,0,0,0,0
131,1,04-12-2021,4,2,0,7,0,0,0,0
132,1,04-12-2021,3,0,0,0,0,0,0,0
133,1,04-12-2021,3,1,0,0,0,0,0,0
134,1,04-12-2021,3,2,0,8,0,0,0,0
135,1,04-12-2021,2,0,0,0,0,0,0,0
136,1,04-12-2021,2,1,10,0,0,0,0,0
137,1,04-12-2021,2,2,0,17,0,0,0,0
138,1,04-12-2021,1,0,0,0,0,0,0,0
139,1,04-12-2021,1,1,0,0,0,0,0,0
140,1,04-12-2021,1,2,0,22,0,0,0,0
141,1,04-12-2021,0,0,0,0,0,0,0,0
142,1,04-12-2021,0,1,0,0,0,0,0,0
143,1,04-12-2021,0,2,0,36,0,0,0,0
144,1,03-12-2021,23,0,0,0,0,0,0,0
145,1,03-12-2021,23,1,1,0,0,0,0,0
146,1,03-12-2021,23,2,0,44,0,0,0,0
147,1,03-12-2021,22,0,0,0,0,0,0,0
148,1,03-12-2021,22,1,0,0,0,0,0,0
149,1,03-12-2021,22,2,0,80,0,0,0,0
150,1,03-12-2021,21,0,0,0,0,0,0,0
151,1,03-12-2021,21,1,2,0,0,0,0,0
152,1,03-12-2021,21,2,0,76,0,0,0,0
153,1,03-12-2021,20,0,0,59,0,0,0,0
154,1,03-12-2021,20,1,3,0,0,0,0,0
155,1,03-12-2021,20,2,0,119,0,0,0,0
156,1,03-12-2021,19,0,0,18,0,0,0,0
157,1,03-12-2021,19,1,4,0,0,0,0,0
158,1,03-12-2021,19,2,0,247,0,0,0,0
159,1,03-12-2021,18,0,23,0,0,0,0,0
160,1,03-12-2021,18,1,2,0,0,0,0,0
161,1,03-12-2021,18,2,0,274,0,0,12,0
162,1,03-12-2021,17,0,46,0,0,0,0,0
163,1,03-12-2021,17,1,10,0,0,0,0,0
164,1,03-12-2021,17,2,0,112,0,0,3,0
165,1,03-12-2021,16,0,53,0,0,0,0,0
166,1,03-12-2021,16,1,4,0,0,0,0,0
167,1,03-12-2021,16,2,0,48,0,0,1,0
168,1,03-12-2021,15,0,19,0,0,0,0,0
169,1,03-12-2021,15,1,0,0,0,0,0,0
170,1,03-12-2021,15,2,0,15,0,0,0,0
171,1,03-12-2021,14,0,51,0,0,0,0,0
172,1,03-12-2021,14,1,0,0,0,0,0,0
173,1,03-12-2021,14,2,0,5,0,0,1,0
174,1,03-12-2021,13,0,14,0,0,0,1,0
175,1,03-12-2021,13,1,4,0,0,0,0,0
176,1,03-12-2021,13,2,0,14,0,0,0,0
177,1,03-12-2021,12,0,37,0,0,0,0,0
178,1,03-12-2021,12,1,2,0,0,0,0,0
179,1,03-12-2021,12,2,0,0,0,0,0,0
180,1,03-12-2021,11,0,0,0,0,0,0,0
181,1,03-12-2021,11,1,0,0,0,0,0,0
182,1,03-12-2021,11,2,0,36,0,0,0,0
183,1,03-12-2021,10,0,41,0,0,0,0,0
184,1,03-12-2021,10,1,6,0,0,0,0,0
185,1,03-12-2021,10,2,0,45,0,0,1,0
186,1,03-12-2021,9,0,7,0,0,0,0,0
187,1,03-12-2021,9,1,0,0,0,0,0,0
188,1,03-12-2021,9,2,0,37,0,0,0,0
189,1,03-12-2021,8,0,0,0,0,0,0,0
190,1,03-12-2021,8,1,7,0,0,0,0,0
191,1,03-12-2021,8,2,0,26,0,0,0,0
192,1,03-12-2021,7,0,0,0,0,0,0,0
193,1,03-12-2021,7,1,0,0,0,0,0,0
194,1,03-12-2021,7,2,0,8,0,0,0,0
195,1,03-12-2021,6,0,0,0,0,0,0,0
196,1,03-12-2021,6,1,0,0,0,0,0,0
197,1,03-12-2021,6,2,0,2,0,0,0,0
198,1,03-12-2021,5,0,0,0,0,0,0,0
199,1,03-12-2021,5,1,0,0,0,0,0,0
200,1,03-12-2021,5,2,0,3,0,0,0,0
201,1,03-12-2021,4,0,0,0,0,0,0,0
202,1,03-12-2021,4,1,0,0,0,0,0,0
203,1,03-12-2021,4,2,0,4,0,0,0,0
204,1,03-12-2021,3,0,0,0,0,0,0,0
205,1,03-12-2021,3,1,0,0,0,0,0,0
206,1,03-12-2021,3,2,0,1,0,0,0,0
207,1,03-12-2021,2,0,0,0,0,0,0,0
208,1,03-12-2021,2,1,0,0,0,0,0,0
209,1,03-12-2021,2,2,0,16,0,0,0,0
210,1,03-12-2021,1,0,0,0,0,0,0,0
211,1,03-12-2021,1,1,0,0,0,0,0,0
212,1,03-12-2021,1,2,0,16,0,0,0,0
213,1,03-12-2021,0,0,0,10,0,0,0,0
214,1,03-12-2021,0,1,0,0,0,0,0,0
215,1,03-12-2021,0,2,0,34,0,0,0,0
216,1,02-12-2021,23,0,0,0,0,0,0,0
217,1,02-12-2021,23,1,2,0,0,0,0,0
218,1,02-12-2021,23,2,0,37,0,0,0,0
219,1,02-12-2021,22,0,0,0,0,0,0,0
220,1,02-12-2021,22,1,0,0,0,0,0,0
221,1,02-12-2021,22,2,0,52,0,0,0,0
222,1,02-12-2021,21,0,0,0,0,0,0,0
223,1,02-12-2021,21,1,0,0,0,0,0,0
224,1,02-12-2021,21,2,0,69,0,0,0,0
225,1,02-12-2021,20,0,0,195,0,0,0,0
226,1,02-12-2021,20,1,1,0,0,0,0,0
227,1,02-12-2021,20,2,0,100,0,0,0,0
228,1,02-12-2021,19,0,0,56,0,0,0,0
229,1,02-12-2021,19,1,0,0,0,0,0,0
230,1,02-12-2021,19,2,0,210,0,0,0,0
231,1,02-12-2021,18,0,17,0,0,0,0,0
232,1,02-12-2021,18,1,0,0,0,0,0,0
233,1,02-12-2021,18,2,0,187,0,0,2,0
234,1,02-12-2021,17,0,19,0,0,0,0,1
235,1,02-12-2021,17,1,25,0,0,0,0,0
236,1,02-12-2021,17,2,0,64,0,0,0,0
237,1,02-12-2021,16,0,21,0,0,0,0,0
238,1,02-12-2021,16,1,0,0,0,0,0,0
239,1,02-12-2021,16,2,0,82,0,0,1,0
240,1,02-12-2021,15,0,18,0,0,0,0,0
241,1,02-12-2021,15,1,0,0,0,0,0,0
242,1,02-12-2021,15,2,0,10,0,0,0,0
243,1,02-12-2021,14,0,51,0,0,0,0,0
244,1,02-12-2021,14,1,8,0,0,0,0,0
245,1,02-12-2021,14,2,0,22,0,0,2,0
246,1,02-12-2021,13,0,0,0,0,0,0,0
247,1,02-12-2021,13,1,0,0,0,0,0,0
248,1,02-12-2021,13,2,0,14,0,0,0,0
249,1,02-12-2021,12,0,0,0,0,0,0,0
250,1,02-12-2021,12,1,0,0,0,0,0,0
251,1,02-12-2021,12,2,0,0,0,0,0,0
252,1,02-12-2021,11,0,0,0,0,0,0,0
253,1,02-12-2021,11,1,0,0,0,0,0,0
254,1,02-12-2021,11,2,0,0,0,0,0,0
255,1,02-12-2021,10,0,0,0,0,0,0,0
256,1,02-12-2021,10,1,0,0,0,0,0,0
257,1,02-12-2021,10,2,0,0,0,0,0,0
258,1,02-12-2021,9,0,0,0,0,0,0,0
259,1,02-12-2021,9,1,0,0,0,0,0,0
260,1,02-12-2021,9,2,0,5,0,0,0,0
261,1,02-12-2021,8,0,1,0,0,0,0,0
262,1,02-12-2021,8,1,0,0,0,0,0,0
263,1,02-12-2021,8,2,0,9,0,0,0,0
264,1,02-12-2021,7,0,0,0,0,0,0,0
265,1,02-12-2021,7,1,0,0,0,0,0,0
266,1,02-12-2021,7,2,0,2,0,0,0,0
267,1,02-12-2021,6,0,0,0,0,0,0,0
268,1,02-12-2021,6,1,0,0,0,0,0,0
269,1,02-12-2021,6,2,0,4,0,0,0,0
270,1,02-12-2021,5,0,0,0,0,0,0,0
271,1,02-12-2021,5,1,0,0,0,0,0,0
272,1,02-12-2021,5,2,0,1,0,0,0,0
273,1,02-12-2021,4,0,0,0,0,0,0,0
274,1,02-12-2021,4,1,0,0,0,0,0,0
275,1,02-12-2021,4,2,0,0,0,0,0,0
276,1,02-12-2021,3,0,0,0,0,0,0,0
277,1,02-12-2021,3,1,0,0,0,0,0,0
278,1,02-12-2021,3,2,0,0,0,0,0,0
279,1,02-12-2021,2,0,0,0,0,0,0,0
280,1,02-12-2021,2,1,0,0,0,0,0,0
281,1,02-12-2021,2,2,0,6,0,0,0,0
282,1,02-12-2021,1,0,0,0,0,0,0,0
283,1,02-12-2021,1,1,0,0,0,0,0,0
284,1,02-12-2021,1,2,0,7,0,0,0,0
285,1,02-12-2021,0,0,0,0,0,0,0,0
286,1,02-12-2021,0,1,2,0,0,0,0,0
287,1,02-12-2021,0,2,0,10,0,0,0,0
288,1,01-12-2021,23,0,0,0,0,0,0,0
289,1,01-12-2021,23,1,1,0,0,0,0,0
290,1,01-12-2021,23,2,0,25,0,0,0,0
291,1,01-12-2021,22,0,0,1,0,0,0,0
292,1,01-12-2021,22,1,0,0,0,0,0,0
293,1,01-12-2021,22,2,0,54,0,0,0,0
294,1,01-12-2021,21,0,0,1,0,0,0,0
295,1,01-12-2021,21,1,8,0,0,0,0,0
296,1,01-12-2021,21,2,0,71,0,0,0,0
297,1,01-12-2021,20,0,0,2,0,0,0,0
298,1,01-12-2021,20,1,0,0,0,0,0,0
299,1,01-12-2021,20,2,0,56,0,0,0,0
300,1,01-12-2021,19,0,1,0,0,0,0,0
301,1,01-12-2021,19,1,5,0,0,0,0,0
302,1,01-12-2021,19,2,0,88,0,0,0,0
303,1,01-12-2021,18,0,29,0,0,0,0,0
304,1,01-12-2021,18,1,0,0,0,0,0,0
305,1,01-12-2021,18,2,0,273,0,0,1,0
306,1,01-12-2021,17,0,242,0,0,0,0,0
307,1,01-12-2021,17,1,40,0,0,0,0,0
308,1,01-12-2021,17,2,0,150,0,0,5,0
309,1,01-12-2021,16,0,98,0,0,0,0,0
310,1,01-12-2021,16,1,33,0,0,0,0,0
311,1,01-12-2021,16,2,0,144,0,0,1,0
312,1,01-12-2021,15,0,50,0,0,0,0,0
313,1,01-12-2021,15,1,8,0,0,0,0,0
314,1,01-12-2021,15,2,0,68,0,0,3,0
315,1,01-12-2021,14,0,88,0,0,0,0,0
316,1,01-12-2021,14,1,2,0,0,0,0,0
317,1,01-12-2021,14,2,0,112,0,0,4,0
318,1,01-12-2021,13,0,85,0,0,0,0,0
319,1,01-12-2021,13,1,9,0,0,0,0,0
320,1,01-12-2021,13,2,0,169,0,0,4,0
321,1,01-12-2021,12,0,0,0,0,0,0,0
322,1,01-12-2021,12,1,0,0,0,0,0,0
323,1,01-12-2021,12,2,0,146,0,0,2,0
324,1,01-12-2021,11,0,13,0,0,0,0,0
325,1,01-12-2021,11,1,0,0,0,0,0,0
326,1,01-12-2021,11,2,0,78,0,0,1,0
327,1,01-12-2021,10,0,95,0,0,0,0,0
328,1,01-12-2021,10,1,18,0,0,0,0,0
329,1,01-12-2021,10,2,0,138,0,0,0,0
330,1,01-12-2021,9,0,0,0,0,0,0,0
331,1,01-12-2021,9,1,0,0,0,0,0,0
332,1,01-12-2021,9,2,0,26,0,0,0,0
333,1,01-12-2021,8,0,2,0,0,0,0,0
334,1,01-12-2021,8,1,1,0,0,0,0,0
335,1,01-12-2021,8,2,0,9,0,0,0,0
336,1,01-12-2021,7,0,3,0,0,0,0,0
337,1,01-12-2021,7,1,0,0,0,0,0,0
338,1,01-12-2021,7,2,0,2,0,0,0,0
339,1,01-12-2021,6,0,0,0,0,0,0,0
340,1,01-12-2021,6,1,0,0,0,0,0,0
341,1,01-12-2021,6,2,0,0,0,0,0,0
342,1,01-12-2021,5,0,0,0,0,0,0,0
343,1,01-12-2021,5,1,0,0,0,0,0,0
344,1,01-12-2021,5,2,0,2,0,0,0,0
345,1,01-12-2021,4,0,0,0,0,0,0,0
346,1,01-12-2021,4,1,0,0,0,0,0,0
347,1,01-12-2021,4,2,0,0,0,0,0,0
348,1,01-12-2021,3,0,0,0,0,0,0,0
349,1,01-12-2021,3,1,0,0,0,0,0,0
350,1,01-12-2021,3,2,0,1,0,0,0,0
351,1,01-12-2021,2,0,0,0,0,0,0,0
352,1,01-12-2021,2,1,0,0,0,0,0,0
353,1,01-12-2021,2,2,0,4,0,0,0,0
354,1,01-12-2021,1,0,0,0,0,0,0,0
355,1,01-12-2021,1,1,0,0,0,0,0,0
356,1,01-12-2021,1,2,0,6,0,0,0,0
357,1,01-12-2021,0,0,0,1,0,0,0,0
358,1,01-12-2021,0,1,2,0,0,0,0,0
359,1,01-12-2021,0,2,0,9,0,0,0,0
360,1,30-11-2021,23,0,3,4,0,0,0,0
361,1,30-11-2021,23,1,2,0,0,0,0,0
362,1,30-11-2021,23,2,0,16,0,0,0,0
363,1,30-11-2021,22,0,1,9,0,0,0,0
364,1,30-11-2021,22,1,2,0,0,0,0,0
365,1,30-11-2021,22,2,0,34,0,0,0,0
366,1,30-11-2021,21,0,7,13,0,0,0,0
367,1,30-11-2021,21,1,0,0,0,0,0,0
368,1,30-11-2021,21,2,0,25,0,0,0,0
369,1,30-11-2021,20,0,3,66,0,0,0,0
370,1,30-11-2021,20,1,2,0,0,0,0,0
371,1,30-11-2021,20,2,0,54,0,0,0,0
372,1,30-11-2021,19,0,4,75,0,0,0,0
373,1,30-11-2021,19,1,4,0,0,0,0,0
374,1,30-11-2021,19,2,0,123,0,0,0,0
375,1,30-11-2021,18,0,141,0,0,0,0,0
376,1,30-11-2021,18,1,16,0,0,0,0,0
377,1,30-11-2021,18,2,0,237,0,0,2,0
378,1,30-11-2021,17,0,55,0,0,0,0,0
379,1,30-11-2021,17,1,35,0,0,0,0,0
380,1,30-11-2021,17,2,0,192,0,0,1,0
381,1,30-11-2021,16,0,49,0,0,0,0,0
382,1,30-11-2021,16,1,4,0,0,0,0,0
383,1,30-11-2021,16,2,0,119,0,0,1,0
384,1,30-11-2021,15,0,33,0,0,0,0,0
385,1,30-11-2021,15,1,7,0,0,0,0,0
386,1,30-11-2021,15,2,0,39,0,0,0,0
387,1,30-11-2021,14,0,24,0,0,0,0,0
388,1,30-11-2021,14,1,4,0,0,0,0,0
389,1,30-11-2021,14,2,0,29,0,0,0,0
390,1,30-11-2021,13,0,23,0,0,0,0,0
391,1,30-11-2021,13,1,0,0,0,0,0,0
392,1,30-11-2021,13,2,0,41,0,0,0,0
393,1,30-11-2021,12,0,0,0,0,0,0,0
394,1,30-11-2021,12,1,2,0,0,0,0,0
395,1,30-11-2021,12,2,0,20,0,0,0,0
396,1,30-11-2021,11,0,40,0,0,0,0,0
397,1,30-11-2021,11,1,3,0,0,0,0,0
398,1,30-11-2021,11,2,0,18,0,0,0,0
399,1,30-11-2021,10,0,49,0,0,0,0,0
400,1,30-11-2021,10,1,5,0,0,0,0,0
401,1,30-11-2021,10,2,0,75,0,0,0,0
402,1,30-11-2021,9,0,18,0,0,0,0,0
403,1,30-11-2021,9,1,0,0,0,0,0,0
404,1,30-11-2021,9,2,0,11,0,0,0,0
405,1,30-11-2021,8,0,2,0,0,0,0,0
406,1,30-11-2021,8,1,1,0,0,0,0,0
407,1,30-11-2021,8,2,0,16,0,0,0,0
408,1,30-11-2021,7,0,0,0,0,0,0,0
409,1,30-11-2021,7,1,2,0,0,0,0,0
410,1,30-11-2021,7,2,0,3,0,0,0,0
411,1,30-11-2021,6,0,0,0,0,0,0,0
412,1,30-11-2021,6,1,0,0,0,0,0,0
413,1,30-11-2021,6,2,0,0,0,0,0,0
414,1,30-11-2021,5,0,0,0,0,0,0,0
415,1,30-11-2021,5,1,0,0,0,0,0,0
416,1,30-11-2021,5,2,0,1,0,0,0,0
417,1,30-11-2021,4,0,0,0,0,0,0,0
418,1,30-11-2021,4,1,0,0,0,0,0,0
419,1,30-11-2021,4,2,0,5,0,0,0,0
420,1,30-11-2021,3,0,0,0,0,0,0,0
421,1,30-11-2021,3,1,0,0,0,0,0,0
422,1,30-11-2021,3,2,0,2,0,0,0,0
423,1,30-11-2021,2,0,0,0,0,0,0,0
424,1,30-11-2021,2,1,0,0,0,0,0,0
425,1,30-11-2021,2,2,0,1,0,0,0,0
426,1,30-11-2021,1,0,0,0,0,0,0,0
427,1,30-11-2021,1,1,0,0,0,0,0,0
428,1,30-11-2021,1,2,0,4,0,0,0,0
429,1,30-11-2021,0,0,0,2,0,0,0,0
430,1,30-11-2021,0,1,0,0,0,0,0,0
431,1,30-11-2021,0,2,0,19,0,0,0,0
432,1,29-11-2021,23,0,0,0,0,0,0,0
433,1,29-11-2021,23,1,0,0,0,0,0,0
434,1,29-11-2021,23,2,0,20,0,0,0,0
435,1,29-11-2021,22,0,0,2,0,0,0,0
436,1,29-11-2021,22,1,2,0,0,0,0,0
437,1,29-11-2021,22,2,0,32,0,0,0,0
438,1,29-11-2021,21,0,0,0,0,0,0,0
439,1,29-11-2021,21,1,4,0,0,0,0,0
440,1,29-11-2021,21,2,0,35,0,0,0,0
441,1,29-11-2021,20,0,0,0,0,0,0,0
442,1,29-11-2021,20,1,0,0,0,0,0,0
443,1,29-11-2021,20,2,0,48,0,0,0,0
444,1,29-11-2021,19,0,0,10,0,0,0,0
445,1,29-11-2021,19,1,5,0,0,0,0,0
446,1,29-11-2021,19,2,0,90,0,0,0,0
447,1,29-11-2021,18,0,148,0,0,0,0,0
448,1,29-11-2021,18,1,13,0,0,0,0,0
449,1,29-11-2021,18,2,0,254,0,0,1,0
450,1,29-11-2021,17,0,27,0,0,0,0,0
451,1,29-11-2021,17,1,17,0,0,0,0,0
452,1,29-11-2021,17,2,0,161,0,0,0,0
453,1,29-11-2021,16,0,78,0,0,0,0,2
454,1,29-11-2021,16,1,8,0,0,0,0,0
455,1,29-11-2021,16,2,0,143,0,0,0,0
456,1,29-11-2021,15,0,64,0,0,0,0,0
457,1,29-11-2021,15,1,9,0,0,0,0,0
458,1,29-11-2021,15,2,0,53,0,0,0,0
459,1,29-11-2021,14,0,177,0,0,0,0,0
460,1,29-11-2021,14,1,5,0,0,0,0,0
461,1,29-11-2021,14,2,0,79,0,0,1,0
462,1,29-11-2021,13,0,4,0,0,0,0,0
463,1,29-11-2021,13,1,0,0,0,0,0,0
464,1,29-11-2021,13,2,0,58,0,0,0,0
465,1,29-11-2021,12,0,13,0,0,0,0,0
466,1,29-11-2021,12,1,8,0,0,0,0,0
467,1,29-11-2021,12,2,0,51,0,0,1,0
468,1,29-11-2021,11,0,0,0,0,0,0,0
469,1,29-11-2021,11,1,4,0,0,0,0,0
470,1,29-11-2021,11,2,0,13,0,0,0,0
471,1,29-11-2021,10,0,0,0,0,0,0,0
472,1,29-11-2021,10,1,0,0,0,0,0,0
473,1,29-11-2021,10,2,0,0,0,0,0,0
474,1,29-11-2021,9,0,0,0,0,0,0,0
475,1,29-11-2021,9,1,0,0,0,0,0,0
476,1,29-11-2021,9,2,0,0,0,0,0,0
477,1,29-11-2021,8,0,0,0,0,0,0,0
478,1,29-11-2021,8,1,0,0,0,0,0,0
479,1,29-11-2021,8,2,0,0,0,0,0,0
480,1,29-11-2021,7,0,0,0,0,0,0,0
481,1,29-11-2021,7,1,0,0,0,0,0,0
482,1,29-11-2021,7,2,0,0,0,0,0,0
483,1,29-11-2021,6,0,0,0,0,0,0,0
484,1,29-11-2021,6,1,0,0,0,0,0,0
485,1,29-11-2021,6,2,0,2,0,0,0,0
486,1,29-11-2021,5,0,0,0,0,0,0,0
487,1,29-11-2021,5,1,0,0,0,0,0,0
488,1,29-11-2021,5,2,0,0,0,0,0,0
489,1,29-11-2021,4,0,0,0,0,0,0,0
490,1,29-11-2021,4,1,0,0,0,0,0,0
491,1,29-11-2021,4,2,0,1,0,0,0,0
492,1,29-11-2021,3,0,0,0,0,0,0,0
493,1,29-11-2021,3,1,0,0,0,0,0,0
494,1,29-11-2021,3,2,0,0,0,0,0,0
495,1,29-11-2021,2,0,0,0,0,0,0,0
496,1,29-11-2021,2,1,0,0,0,0,0,0
497,1,29-11-2021,2,2,0,5,0,0,0,0
498,1,29-11-2021,1,0,0,0,0,0,0,0
499,1,29-11-2021,1,1,0,0,0,0,0,0
500,1,29-11-2021,1,2,0,3,0,0,0,0
501,1,29-11-2021,0,0,0,0,0,0,0,0
502,1,29-11-2021,0,1,0,0,0,0,0,0
503,1,29-11-2021,0,2,0,6,0,0,0,0
504,1,28-11-2021,23,0,0,0,0,0,0,0
505,1,28-11-2021,23,1,1,0,0,0,0,0
506,1,28-11-2021,23,2,0,17,0,0,0,0
507,1,28-11-2021,22,0,0,0,0,0,0,0
508,1,28-11-2021,22,1,0,0,0,0,0,0
509,1,28-11-2021,22,2,0,8,0,0,0,0
510,1,28-11-2021,21,0,0,0,0,0,0,0
511,1,28-11-2021,21,1,1,0,0,0,0,0
512,1,28-11-2021,21,2,0,21,0,0,0,0
513,1,28-11-2021,20,0,25,3,0,0,0,0
514,1,28-11-2021,20,1,0,0,0,0,0,0
515,1,28-11-2021,20,2,0,27,0,0,0,0
516,1,28-11-2021,19,0,5,27,0,0,0,0
517,1,28-11-2021,19,1,1,0,0,0,0,0
518,1,28-11-2021,19,2,0,54,0,0,0,0
519,1,28-11-2021,18,0,36,0,0,0,0,0
520,1,28-11-2021,18,1,1,0,0,0,0,0
521,1,28-11-2021,18,2,1,95,0,0,0,0
522,1,28-11-2021,17,0,55,0,0,0,0,0
523,1,28-11-2021,17,1,14,0,0,0,0,0
524,1,28-11-2021,17,2,0,105,0,0,2,0
525,1,28-11-2021,16,0,162,0,0,0,0,0
526,1,28-11-2021,16,1,5,0,0,0,0,0
527,1,28-11-2021,16,2,0,103,0,0,2,0
528,1,28-11-2021,15,0,23,0,0,0,0,0
529,1,28-11-2021,15,1,16,0,0,0,0,0
530,1,28-11-2021,15,2,0,117,0,0,0,0
531,1,28-11-2021,14,0,106,0,0,0,0,0
532,1,28-11-2021,14,1,3,0,0,0,0,0
533,1,28-11-2021,14,2,0,120,0,0,1,0
534,1,28-11-2021,13,0,79,0,0,0,0,0
535,1,28-11-2021,13,1,3,0,0,0,0,0
536,1,28-11-2021,13,2,0,81,0,0,1,0
537,1,28-11-2021,12,0,158,0,0,0,0,0
538,1,28-11-2021,12,1,11,0,0,0,0,0
539,1,28-11-2021,12,2,0,83,0,0,0,0
540,1,28-11-2021,11,0,20,0,0,0,0,0
541,1,28-11-2021,11,1,0,0,0,0,0,0
542,1,28-11-2021,11,2,0,53,0,0,0,0
543,1,28-11-2021,10,0,18,0,0,0,0,0
544,1,28-11-2021,10,1,4,0,0,0,0,0
545,1,28-11-2021,10,2,0,17,0,0,0,0
546,1,28-11-2021,9,0,0,0,0,0,0,0
547,1,28-11-2021,9,1,0,0,0,0,0,0
548,1,28-11-2021,9,2,0,3,0,0,0,0
549,1,28-11-2021,8,0,0,0,0,0,0,0
550,1,28-11-2021,8,1,0,0,0,0,0,0
551,1,28-11-2021,8,2,0,0,0,0,0,0
552,1,28-11-2021,7,0,0,0,0,0,0,0
553,1,28-11-2021,7,1,0,0,0,0,0,0
554,1,28-11-2021,7,2,0,1,0,0,0,0
555,1,28-11-2021,6,0,0,0,0,0,0,0
556,1,28-11-2021,6,1,0,0,0,0,0,0
557,1,28-11-2021,6,2,0,1,0,0,0,0
558,1,28-11-2021,5,0,0,0,0,0,0,0
559,1,28-11-2021,5,1,0,0,0,0,0,0
560,1,28-11-2021,5,2,0,2,0,0,0,0
561,1,28-11-2021,4,0,0,0,0,0,0,0
562,1,28-11-2021,4,1,0,0,0,0,0,0
563,1,28-11-2021,4,2,0,1,0,0,0,0
564,1,28-11-2021,3,0,0,0,0,0,0,0
565,1,28-11-2021,3,1,1,0,0,0,0,0
566,1,28-11-2021,3,2,0,1,0,0,0,0
567,1,28-11-2021,2,0,0,0,0,0,0,0
568,1,28-11-2021,2,1,0,0,0,0,0,0
569,1,28-11-2021,2,2,0,3,0,0,0,0
570,1,28-11-2021,1,0,0,0,0,0,0,0
571,1,28-11-2021,1,1,0,0,0,0,0,0
572,1,28-11-2021,1,2,0,7,0,0,0,0
573,1,28-11-2021,0,0,3,1,0,0,0,0
574,1,28-11-2021,0,1,0,0,0,0,0,0
575,1,28-11-2021,0,2,0,13,0,0,0,0
576,1,27-11-2021,23,0,0,6,0,0,0,0
577,1,27-11-2021,23,1,1,0,0,0,0,0
578,1,27-11-2021,23,2,0,23,0,0,0,0
579,1,27-11-2021,22,0,0,0,0,0,0,0
580,1,27-11-2021,22,1,2,0,0,0,0,0
581,1,27-11-2021,22,2,0,24,0,0,0,0
582,1,27-11-2021,21,0,0,2,0,0,0,0
583,1,27-11-2021,21,1,0,0,0,0,0,0
584,1,27-11-2021,21,2,0,38,0,0,0,0
585,1,27-11-2021,20,0,0,22,0,0,0,0
586,1,27-11-2021,20,1,0,0,0,0,0,0
587,1,27-11-2021,20,2,0,44,0,0,0,0
588,1,27-11-2021,19,0,1,21,0,0,0,0
589,1,27-11-2021,19,1,2,0,0,0,0,0
590,1,27-11-2021,19,2,0,42,0,0,0,0
591,1,27-11-2021,18,0,205,0,0,0,0,0
592,1,27-11-2021,18,1,41,0,0,0,0,0
593,1,27-11-2021,18,2,0,148,0,0,2,0
594,1,27-11-2021,17,0,89,0,0,0,0,0
595,1,27-11-2021,17,1,22,0,0,0,0,0
596,1,27-11-2021,17,2,0,111,0,0,3,0
597,1,27-11-2021,16,0,107,0,0,0,0,0
598,1,27-11-2021,16,1,15,0,0,0,0,0
599,1,27-11-2021,16,2,0,163,0,0,5,0
600,1,27-11-2021,15,0,71,0,0,0,0,0
601,1,27-11-2021,15,1,11,0,0,0,0,0
602,1,27-11-2021,15,2,0,94,0,0,3,0
603,1,27-11-2021,14,0,65,0,0,0,0,0
604,1,27-11-2021,14,1,16,0,0,0,0,0
605,1,27-11-2021,14,2,0,9,0,0,0,0
606,1,27-11-2021,13,0,53,0,0,0,0,0
607,1,27-11-2021,13,1,23,0,0,0,0,0
608,1,27-11-2021,13,2,0,26,0,0,1,0
609,1,27-11-2021,12,0,40,0,0,0,0,0
610,1,27-11-2021,12,1,2,0,0,0,0,0
611,1,27-11-2021,12,2,0,5,0,0,1,0
612,1,27-11-2021,11,0,24,0,0,0,0,0
613,1,27-11-2021,11,1,5,0,0,0,0,0
614,1,27-11-2021,11,2,0,8,0,0,0,0
615,1,27-11-2021,10,0,12,0,0,0,0,0
616,1,27-11-2021,10,1,0,0,0,0,0,0
617,1,27-11-2021,10,2,0,22,0,0,0,0
618,1,27-11-2021,9,0,0,0,0,0,0,0
619,1,27-11-2021,9,1,0,0,0,0,0,0
620,1,27-11-2021,9,2,0,4,0,0,0,0
621,1,27-11-2021,8,0,0,0,0,0,0,0
622,1,27-11-2021,8,1,0,0,0,0,0,0
623,1,27-11-2021,8,2,0,6,0,0,0,0
624,1,27-11-2021,7,0,0,0,0,0,0,0
625,1,27-11-2021,7,1,0,0,0,0,0,0
626,1,27-11-2021,7,2,0,6,0,0,0,0
627,1,27-11-2021,6,0,0,0,0,0,0,0
628,1,27-11-2021,6,1,0,0,0,0,0,0
629,1,27-11-2021,6,2,0,0,0,0,0,0
630,1,27-11-2021,5,0,0,0,0,0,0,0
631,1,27-11-2021,5,1,0,0,0,0,0,0
632,1,27-11-2021,5,2,0,2,0,0,0,0
633,1,27-11-2021,4,0,0,0,0,0,0,0
634,1,27-11-2021,4,1,0,0,0,0,0,0
635,1,27-11-2021,4,2,0,1,0,0,0,0
636,1,27-11-2021,3,0,0,0,0,0,0,0
637,1,27-11-2021,3,1,0,0,0,0,0,0
638,1,27-11-2021,3,2,0,2,0,0,0,0
639,1,27-11-2021,2,0,0,0,0,0,0,0
640,1,27-11-2021,2,1,0,0,0,0,0,0
641,1,27-11-2021,2,2,0,1,0,0,0,0
642,1,27-11-2021,1,0,0,0,0,0,0,0
643,1,27-11-2021,1,1,0,0,0,0,0,0
644,1,27-11-2021,1,2,0,7,0,0,0,0
645,1,27-11-2021,0,0,0,0,0,0,0,0
646,1,27-11-2021,0,1,0,0,0,0,0,0
647,1,27-11-2021,0,2,0,13,0,0,0,0
648,1,26-11-2021,23,0,2,10,0,0,0,0
649,1,26-11-2021,23,1,2,0,0,0,0,0
650,1,26-11-2021,23,2,0,23,0,0,0,0
651,1,26-11-2021,22,0,0,3,0,0,0,0
652,1,26-11-2021,22,1,5,0,0,0,0,0
653,1,26-11-2021,22,2,0,41,0,0,0,0
654,1,26-11-2021,21,0,0,1,0,0,0,0
655,1,26-11-2021,21,1,0,0,0,0,0,0
656,1,26-11-2021,21,2,0,29,0,0,0,0
657,1,26-11-2021,20,0,0,0,0,0,0,0
658,1,26-11-2021,20,1,3,0,0,0,0,0
659,1,26-11-2021,20,2,0,57,0,0,0,0
660,1,26-11-2021,19,0,34,4,0,0,0,0
661,1,26-11-2021,19,1,14,0,0,0,0,0
662,1,26-11-2021,19,2,0,70,0,0,0,0
663,1,26-11-2021,18,0,106,0,0,0,0,0
664,1,26-11-2021,18,1,8,0,0,0,0,0
665,1,26-11-2021,18,2,0,245,0,0,0,0
666,1,26-11-2021,17,0,20,0,0,0,0,0
667,1,26-11-2021,17,1,16,0,0,0,0,0
668,1,26-11-2021,17,2,0,178,0,0,1,0
669,1,26-11-2021,16,0,165,0,0,0,0,0
670,1,26-11-2021,16,1,16,0,0,0,0,0
671,1,26-11-2021,16,2,2,123,0,0,1,0
672,1,26-11-2021,15,0,63,0,0,0,0,0
673,1,26-11-2021,15,1,4,0,0,0,0,0
674,1,26-11-2021,15,2,0,88,0,0,0,0
675,1,26-11-2021,14,0,27,0,0,0,0,0
676,1,26-11-2021,14,1,3,0,0,0,0,0
677,1,26-11-2021,14,2,0,69,0,0,1,0
678,1,26-11-2021,13,0,240,0,0,0,0,0
679,1,26-11-2021,13,1,12,0,0,0,0,0
680,1,26-11-2021,13,2,0,35,0,0,0,0
681,1,26-11-2021,12,0,0,0,0,0,0,0
682,1,26-11-2021,12,1,3,0,0,0,0,0
683,1,26-11-2021,12,2,1,15,0,0,1,0
684,1,26-11-2021,11,0,10,0,0,0,0,0
685,1,26-11-2021,11,1,110,0,0,0,0,0
686,1,26-11-2021,11,2,0,26,0,0,0,0
687,1,26-11-2021,10,0,120,0,0,0,0,0
688,1,26-11-2021,10,1,10,0,0,0,0,0
689,1,26-11-2021,10,2,0,74,0,0,1,0
690,1,26-11-2021,9,0,30,0,0,0,0,0
691,1,26-11-2021,9,1,1,0,0,0,0,0
692,1,26-11-2021,9,2,0,32,0,0,0,0
693,1,26-11-2021,8,0,0,0,0,0,0,0
694,1,26-11-2021,8,1,0,0,0,0,0,0
695,1,26-11-2021,8,2,0,17,0,0,0,0
696,1,26-11-2021,7,0,0,0,0,0,0,0
697,1,26-11-2021,7,1,0,0,0,0,0,0
698,1,26-11-2021,7,2,0,2,0,0,0,0
699,1,26-11-2021,6,0,0,0,0,0,0,0
700,1,26-11-2021,6,1,0,0,0,0,0,0
701,1,26-11-2021,6,2,0,2,0,0,0,0
702,1,26-11-2021,5,0,0,0,0,0,0,0
703,1,26-11-2021,5,1,0,0,0,0,0,0
704,1,26-11-2021,5,2,0,3,0,0,0,0
705,1,26-11-2021,4,0,0,0,0,0,0,0
706,1,26-11-2021,4,1,0,0,0,0,0,0
707,1,26-11-2021,4,2,0,3,0,0,0,0
708,1,26-11-2021,3,0,0,0,0,0,0,0
709,1,26-11-2021,3,1,0,0,0,0,0,0
710,1,26-11-2021,3,2,0,2,0,0,0,0
711,1,26-11-2021,2,0,0,0,0,0,0,0
712,1,26-11-2021,2,1,0,0,0,0,0,0
713,1,26-11-2021,2,2,0,1,0,0,0,0
714,1,26-11-2021,1,0,0,0,0,0,0,0
715,1,26-11-2021,1,1,0,0,0,0,0,0
716,1,26-11-2021,1,2,0,10,0,0,0,0
717,1,26-11-2021,0,0,0,0,0,0,0,0
718,1,26-11-2021,0,1,0,0,0,0,0,0
719,1,26-11-2021,0,2,0,1,0,0,0,0
720,1,25-11-2021,23,0,0,0,42,0,0,0
721,1,25-11-2021,23,1,0,0,0,0,0,0
722,1,25-11-2021,23,2,0,0,0,0,0,0
723,1,25-11-2021,22,0,0,2,40,0,0,0
724,1,25-11-2021,22,1,0,0,0,0,0,0
725,1,25-11-2021,22,2,1,0,0,0,0,0
726,1,25-11-2021,21,0,0,2,83,0,0,0
727,1,25-11-2021,21,1,0,2,0,0,0,0
728,1,25-11-2021,21,2,0,0,0,0,0,0
729,1,25-11-2021,20,0,0,2,112,0,0,0
730,1,25-11-2021,20,1,1,11,0,0,0,0
731,1,25-11-2021,20,2,0,0,0,0,0,0
732,1,25-11-2021,19,0,0,4,293,0,0,0
733,1,25-11-2021,19,1,2,65,0,0,0,0
734,1,25-11-2021,19,2,0,0,0,0,0,0
735,1,25-11-2021,18,0,0,14,2440,0,0,0
736,1,25-11-2021,18,1,59,0,0,0,0,0
737,1,25-11-2021,18,2,3,0,0,0,0,0
738,1,25-11-2021,17,0,0,30,1879,0,0,0
739,1,25-11-2021,17,1,20,0,0,0,0,0
740,1,25-11-2021,17,2,14,0,0,0,0,0
741,1,25-11-2021,16,0,0,50,1090,0,0,0
742,1,25-11-2021,16,1,51,0,0,0,0,0
743,1,25-11-2021,16,2,11,0,0,0,0,0
744,1,25-11-2021,15,0,0,4,414,0,0,0
745,1,25-11-2021,15,1,14,0,0,0,0,0
746,1,25-11-2021,15,2,2,0,0,0,0,0
747,1,25-11-2021,14,0,0,3,213,0,0,0
748,1,25-11-2021,14,1,40,0,0,0,0,0
749,1,25-11-2021,14,2,2,0,0,0,0,0
750,1,25-11-2021,13,0,0,2,78,0,0,0
751,1,25-11-2021,13,1,10,0,0,0,0,0
752,1,25-11-2021,13,2,0,0,0,0,0,0
753,1,25-11-2021,12,0,0,6,161,0,0,0
754,1,25-11-2021,12,1,34,0,0,0,0,0
755,1,25-11-2021,12,2,3,0,0,0,0,0
756,1,25-11-2021,11,0,0,10,482,0,0,0
757,1,25-11-2021,11,1,36,0,0,0,0,0
758,1,25-11-2021,11,2,1,0,0,0,0,0
759,1,25-11-2021,10,0,0,7,3029,0,0,0
760,1,25-11-2021,10,1,19,0,0,0,0,0
761,1,25-11-2021,10,2,5,0,0,0,0,0
762,1,25-11-2021,9,0,0,1,267,0,0,0
763,1,25-11-2021,9,1,5,0,0,0,0,0
764,1,25-11-2021,9,2,0,0,0,0,0,0
765,1,25-11-2021,8,0,0,5,3,0,0,0
766,1,25-11-2021,8,1,15,0,0,0,0,0
767,1,25-11-2021,8,2,0,0,0,0,0,0
768,1,25-11-2021,7,0,0,2,1,0,0,0
769,1,25-11-2021,7,1,1,0,0,0,0,0
770,1,25-11-2021,7,2,0,0,0,0,0,0
771,1,25-11-2021,6,0,0,1,11,0,0,0
772,1,25-11-2021,6,1,1,0,0,0,0,0
773,1,25-11-2021,6,2,0,0,0,0,0,0
774,1,25-11-2021,5,0,0,4,2,0,0,0
775,1,25-11-2021,5,1,0,0,0,0,0,0
776,1,25-11-2021,5,2,0,0,0,0,0,0
777,1,25-11-2021,4,0,0,0,1,0,0,0
778,1,25-11-2021,4,1,0,0,0,0,0,0
779,1,25-11-2021,4,2,0,0,0,0,0,0
780,1,25-11-2021,3,0,0,0,2,0,0,0
781,1,25-11-2021,3,1,0,0,0,0,0,0
782,1,25-11-2021,3,2,0,0,0,0,0,0
783,1,25-11-2021,2,0,0,0,1,0,0,0
784,1,25-11-2021,2,1,0,0,0,0,0,0
785,1,25-11-2021,2,2,0,0,0,0,0,0
786,1,25-11-2021,1,0,0,0,31,0,0,0
787,1,25-11-2021,1,1,0,0,0,0,0,0
788,1,25-11-2021,1,2,0,0,0,0,0,0
789,1,25-11-2021,0,0,0,1,5,0,0,0
790,1,25-11-2021,0,1,0,0,0,0,0,0
791,1,25-11-2021,0,2,0,0,0,0,0,0
792,1,24-11-2021,23,0,0,0,36,0,0,0
793,1,24-11-2021,23,1,0,0,0,0,0,0
794,1,24-11-2021,23,2,0,0,0,0,0,0
795,1,24-11-2021,22,0,0,23,31,0,0,0
796,1,24-11-2021,22,1,16,0,0,0,0,0
797,1,24-11-2021,22,2,0,0,0,0,0,0
798,1,24-11-2021,21,0,0,34,29,0,0,0
799,1,24-11-2021,21,1,22,0,0,0,0,0
800,1,24-11-2021,21,2,4,0,0,0,0,0
801,1,24-11-2021,20,0,0,41,71,0,0,0
802,1,24-11-2021,20,1,22,0,0,0,0,0
803,1,24-11-2021,20,2,1,0,0,0,0,0
804,1,24-11-2021,19,0,0,26,112,0,0,0
805,1,24-11-2021,19,1,16,1,0,0,0,0
806,1,24-11-2021,19,2,6,0,0,0,0,0
807,1,24-11-2021,18,0,0,174,501,0,0,5
808,1,24-11-2021,18,1,91,0,0,0,0,0
809,1,24-11-2021,18,2,28,0,0,0,0,0
810,1,24-11-2021,17,0,0,50,203,0,0,52
811,1,24-11-2021,17,1,16,9,0,0,43,0
812,1,24-11-2021,17,2,16,0,0,0,0,0
813,1,24-11-2021,16,0,0,74,55,0,0,2
814,1,24-11-2021,16,1,61,0,0,0,0,0
815,1,24-11-2021,16,2,9,0,0,0,0,0
816,1,24-11-2021,15,0,0,35,10,0,0,1
817,1,24-11-2021,15,1,22,0,0,0,0,0
818,1,24-11-2021,15,2,7,0,0,0,0,0
819,1,24-11-2021,14,0,0,23,15,0,0,0
820,1,24-11-2021,14,1,22,0,0,0,0,0
821,1,24-11-2021,14,2,0,0,0,0,0,0
822,1,24-11-2021,13,0,0,5,2,0,0,0
823,1,24-11-2021,13,1,5,0,0,0,0,0
824,1,24-11-2021,13,2,0,0,0,0,0,0
825,1,24-11-2021,12,0,0,55,3,0,0,0
826,1,24-11-2021,12,1,51,0,0,0,0,0
827,1,24-11-2021,12,2,0,0,0,0,0,0
828,1,24-11-2021,11,0,0,15,153,0,0,1
829,1,24-11-2021,11,1,6,0,0,0,0,0
830,1,24-11-2021,11,2,5,0,0,0,0,0
831,1,24-11-2021,10,0,0,79,815,0,0,4
832,1,24-11-2021,10,1,42,0,0,0,0,0
833,1,24-11-2021,10,2,11,0,0,0,0,0
834,1,24-11-2021,9,0,0,2,231,0,0,0
835,1,24-11-2021,9,1,0,0,0,0,0,0
836,1,24-11-2021,9,2,2,0,0,0,0,0
837,1,24-11-2021,8,0,0,0,15,0,0,0
838,1,24-11-2021,8,1,0,0,0,0,0,0
839,1,24-11-2021,8,2,0,0,0,0,0,0
840,1,24-11-2021,7,0,0,0,3,0,0,0
841,1,24-11-2021,7,1,0,0,0,0,0,0
842,1,24-11-2021,7,2,0,0,0,0,0,0
843,1,24-11-2021,6,0,0,0,4,0,0,0
844,1,24-11-2021,6,1,0,0,0,0,0,0
845,1,24-11-2021,6,2,0,0,0,0,0,0
846,1,24-11-2021,5,0,0,0,0,0,0,0
847,1,24-11-2021,5,1,0,0,0,0,0,0
848,1,24-11-2021,5,2,0,0,0,0,0,0
849,2,2021-11-24,0,0,0,0,0,0,0,0
850,2,2021-11-24,0,1,0,0,0,0,0,0
851,2,2021-11-24,0,2,0,0,0,0,0,0
852,2,2021-11-24,0,3,0,0,0,0,0,0
853,2,2021-11-24,1,0,0,0,0,0,0,0
854,2,2021-11-24,1,1,0,0,0,0,0,0
855,2,2021-11-24,1,2,0,0,0,0,0,0
856,2,2021-11-24,1,3,0,0,0,0,0,0
857,2,2021-11-24,2,0,0,0,0,0,0,0
858,2,2021-11-24,2,1,0,0,0,0,0,0
859,2,2021-11-24,2,2,0,0,0,0,0,0
860,2,2021-11-24,2,3,0,0,0,0,0,0
861,2,2021-11-24,3,0,0,0,0,0,0,0
862,2,2021-11-24,3,1,0,0,0,0,0,0
863,2,2021-11-24,3,2,0,0,0,0,0,0
864,2,2021-11-24,3,3,0,0,0,0,0,0
865,2,2021-11-24,4,0,0,0,0,0,0,0
866,2,2021-11-24,4,1,0,0,0,0,0,0
867,2,2021-11-24,4,2,0,0,0,0,0,0
868,2,2021-11-24,4,3,0,0,0,0,0,0
869,2,2021-11-24,5,0,0,0,0,0,0,0
870,2,2021-11-24,5,1,0,0,0,0,0,0
871,2,2021-11-24,5,2,0,0,0,0,0,0
872,2,2021-11-24,5,3,0,0,0,0,0,0
873,2,2021-11-24,6,0,0,0,0,0,0,0
874,2,2021-11-24,6,1,0,0,0,0,0,0
875,2,2021-11-24,6,2,0,0,0,0,0,0
876,2,2021-11-24,6,3,0,0,0,0,0,0
877,2,2021-11-24,7,0,0,0,0,0,0,0
878,2,2021-11-24,7,1,0,1,0,0,0,0
879,2,2021-11-24,7,2,0,0,0,0,0,0
880,2,2021-11-24,7,3,0,0,0,0,0,0
881,2,2021-11-24,8,0,0,0,0,0,0,0
882,2,2021-11-24,8,1,0,5,0,0,0,0
883,2,2021-11-24,8,2,0,0,0,0,0,0
884,2,2021-11-24,8,3,0,0,0,0,0,0
885,2,2021-11-24,9,0,0,4,0,0,1,0
886,2,2021-11-24,9,1,0,6,0,0,0,0
887,2,2021-11-24,9,2,6,0,0,0,0,0
888,2,2021-11-24,9,3,8,0,0,0,0,0
889,2,2021-11-24,10,0,0,110,0,0,9,0
890,2,2021-11-24,10,1,29,16,0,0,5,0
891,2,2021-11-24,10,2,40,0,0,0,0,0
892,2,2021-11-24,10,3,48,0,0,0,0,0
893,2,2021-11-24,11,0,0,20,0,0,5,0
894,2,2021-11-24,11,1,1,7,0,0,2,0
895,2,2021-11-24,11,2,3,0,0,0,0,0
896,2,2021-11-24,11,3,46,0,0,0,0,0
897,2,2021-11-24,12,0,0,10,0,0,1,0
898,2,2021-11-24,12,1,2,5,0,0,0,0
899,2,2021-11-24,12,2,0,0,0,0,0,0
900,2,2021-11-24,12,3,6,0,0,0,0,0
901,2,2021-11-24,13,0,0,2,0,0,3,0
902,2,2021-11-24,13,1,0,0,0,0,0,0
903,2,2021-11-24,13,2,3,0,0,0,0,0
904,2,2021-11-24,13,3,6,0,0,0,0,0
905,2,2021-11-24,14,0,0,3,0,0,3,0
906,2,2021-11-24,14,1,2,4,0,0,1,0
907,2,2021-11-24,14,2,3,0,0,0,0,0
908,2,2021-11-24,14,3,12,0,0,0,0,0
909,2,2021-11-24,15,0,0,2,0,0,1,0
910,2,2021-11-24,15,1,0,1,0,0,0,0
911,2,2021-11-24,15,2,53,0,0,0,0,0
912,2,2021-11-24,15,3,18,0,0,0,0,0
913,2,2021-11-24,16,0,0,2,0,0,3,0
914,2,2021-11-24,16,1,2,1,0,0,0,0
915,2,2021-11-24,16,2,15,0,0,0,0,0
916,2,2021-11-24,16,3,23,0,0,0,0,0
917,2,2021-11-24,17,0,0,55,0,0,2,0
918,2,2021-11-24,17,1,10,13,0,0,5,0
919,2,2021-11-24,17,2,45,0,0,0,0,0
920,2,2021-11-24,17,3,0,1,0,0,0,0
921,2,2021-11-24,18,0,0,54,0,0,1,0
922,2,2021-11-24,18,1,21,21,0,0,0,0
923,2,2021-11-24,18,2,31,0,0,0,0,0
924,2,2021-11-24,18,3,95,0,0,0,0,0
925,2,2021-11-24,19,0,0,7,0,0,0,0
926,2,2021-11-24,19,1,0,14,0,0,0,0
927,2,2021-11-24,19,2,2,0,0,0,0,0
928,2,2021-11-24,19,3,0,0,0,0,0,0
929,2,2021-11-24,20,0,0,2,0,0,0,0
930,2,2021-11-24,20,1,0,11,0,0,0,0
931,2,2021-11-24,20,2,9,0,0,0,0,0
932,2,2021-11-24,20,3,3,0,0,0,0,0
933,2,2021-11-24,21,0,0,0,0,0,0,0
934,2,2021-11-24,21,1,0,5,0,0,0,0
935,2,2021-11-24,21,2,0,0,0,0,0,0
936,2,2021-11-24,21,3,0,0,0,0,0,0
937,2,2021-11-24,22,0,0,0,0,0,0,0
938,2,2021-11-24,22,1,1,3,0,0,0,0
939,2,2021-11-24,22,2,0,0,0,0,0,0
940,2,2021-11-24,22,3,4,0,0,0,0,0
941,2,2021-11-24,23,0,0,0,0,0,0,0
942,2,2021-11-24,23,1,0,3,0,0,0,0
943,2,2021-11-24,23,2,1,0,0,0,0,0
944,2,2021-11-24,23,3,0,0,0,0,0,0
945,2,2021-11-25,0,0,0,0,0,0,0,0
946,2,2021-11-25,0,1,0,1,0,0,0,0
947,2,2021-11-25,0,2,0,0,0,0,0,0
948,2,2021-11-25,0,3,0,0,0,0,0,0
949,2,2021-11-25,1,0,0,0,0,0,0,0
950,2,2021-11-25,1,1,0,1,0,0,0,0
951,2,2021-11-25,1,2,0,0,0,0,0,0
952,2,2021-11-25,1,3,0,0,0,0,0,0
953,2,2021-11-25,2,0,0,0,0,0,0,0
954,2,2021-11-25,2,1,0,1,0,0,0,0
955,2,2021-11-25,2,2,0,0,0,0,0,0
956,2,2021-11-25,2,3,0,0,0,0,0,0
957,2,2021-11-25,3,0,0,0,0,0,0,0
958,2,2021-11-25,3,1,0,0,0,0,0,0
959,2,2021-11-25,3,2,0,0,0,0,0,0
960,2,2021-11-25,3,3,0,0,0,0,0,0
961,2,2021-11-25,4,0,0,0,0,0,0,0
962,2,2021-11-25,4,1,0,1,0,0,0,0
963,2,2021-11-25,4,2,0,0,0,0,0,0
964,2,2021-11-25,4,3,0,0,0,0,0,0
965,2,2021-11-25,5,0,0,0,0,0,0,0
966,2,2021-11-25,5,1,0,0,0,0,0,0
967,2,2021-11-25,5,2,0,0,0,0,0,0
968,2,2021-11-25,5,3,0,0,0,0,0,0
969,2,2021-11-25,6,0,0,0,0,0,0,0
970,2,2021-11-25,6,1,0,0,0,0,0,0
971,2,2021-11-25,6,2,0,0,0,0,0,0
972,2,2021-11-25,6,3,0,0,0,0,0,0
973,2,2021-11-25,7,0,0,1,0,0,0,0
974,2,2021-11-25,7,1,0,1,0,0,0,0
975,2,2021-11-25,7,2,0,0,0,0,0,0
976,2,2021-11-25,7,3,0,0,0,0,0,0
977,2,2021-11-25,8,0,0,2,0,0,0,0
978,2,2021-11-25,8,1,0,0,0,0,0,0
979,2,2021-11-25,8,2,0,0,0,0,0,0
980,2,2021-11-25,8,3,0,0,0,0,0,0
981,2,2021-11-25,9,0,0,8,0,0,1,0
982,2,2021-11-25,9,1,0,2,0,0,0,0
983,2,2021-11-25,9,2,0,0,0,0,0,0
984,2,2021-11-25,9,3,0,0,0,0,0,0
985,2,2021-11-25,10,0,0,193,0,0,14,0
986,2,2021-11-25,10,1,11,14,0,0,5,0
987,2,2021-11-25,10,2,58,0,0,0,0,0
988,2,2021-11-25,10,3,62,0,0,0,0,0
989,2,2021-11-25,11,0,0,39,0,0,11,0
990,2,2021-11-25,11,1,12,5,0,0,5,0
991,2,2021-11-25,11,2,0,0,0,0,0,0
992,2,2021-11-25,11,3,53,0,0,0,0,0
993,2,2021-11-25,12,0,0,10,0,0,5,0
994,2,2021-11-25,12,1,4,6,0,0,0,0
995,2,2021-11-25,12,2,0,0,0,0,0,0
996,2,2021-11-25,12,3,0,0,0,0,0,0
997,2,2021-11-25,13,0,0,22,0,0,5,0
998,2,2021-11-25,13,1,2,5,0,0,0,0
999,2,2021-11-25,13,2,8,0,1,0,0,0
1000,2,2021-11-25,13,3,0,0,0,0,0,0
1001,2,2021-11-25,14,0,0,30,0,0,24,0
1002,2,2021-11-25,14,1,1,4,0,0,3,0
1003,2,2021-11-25,14,2,1,0,0,0,0,0
1004,2,2021-11-25,14,3,3,0,0,0,0,0
1005,2,2021-11-25,15,0,0,33,0,0,14,0
1006,2,2021-11-25,15,1,4,5,0,0,9,0
1007,2,2021-11-25,15,2,4,0,0,0,0,0
1008,2,2021-11-25,15,3,25,0,0,0,0,0
1009,2,2021-11-25,16,0,0,64,0,0,4,0
1010,2,2021-11-25,16,1,12,1,0,0,3,0
1011,2,2021-11-25,16,2,24,0,0,0,0,0
1012,2,2021-11-25,16,3,56,0,0,0,0,0
1013,2,2021-11-25,17,0,0,161,0,0,19,0
1014,2,2021-11-25,17,1,48,11,0,0,9,0
1015,2,2021-11-25,17,2,70,0,0,0,0,0
1016,2,2021-11-25,17,3,120,0,0,0,0,0
1017,2,2021-11-25,18,0,0,68,0,0,1,0
1018,2,2021-11-25,18,1,8,15,0,0,5,0
1019,2,2021-11-25,18,2,20,0,0,0,0,0
1020,2,2021-11-25,18,3,22,0,0,0,0,0
1021,2,2021-11-25,19,0,0,4,0,0,0,0
1022,2,2021-11-25,19,1,0,10,0,0,0,0
1023,2,2021-11-25,19,2,0,0,0,0,0,0
1024,2,2021-11-25,19,3,0,0,0,0,0,0
1025,2,2021-11-25,20,0,0,0,0,0,0,0
1026,2,2021-11-25,20,1,0,2,0,0,0,0
1027,2,2021-11-25,20,2,21,0,0,0,0,0
1028,2,2021-11-25,20,3,0,0,0,0,0,0
1029,2,2021-11-25,21,0,0,0,0,0,0,0
1030,2,2021-11-25,21,1,0,2,0,0,0,0
1031,2,2021-11-25,21,2,0,0,0,0,0,0
1032,2,2021-11-25,21,3,0,0,0,0,0,0
1033,2,2021-11-25,22,0,0,0,0,0,0,0
1034,2,2021-11-25,22,1,0,0,0,0,0,0
1035,2,2021-11-25,22,2,0,0,0,0,0,0
1036,2,2021-11-25,22,3,0,0,0,0,0,0
1037,2,2021-11-25,23,0,0,0,0,0,0,0
1038,2,2021-11-25,23,1,0,2,0,0,0,0
1039,2,2021-11-25,23,2,0,0,0,0,0,0
1040,2,2021-11-25,23,3,0,0,0,0,0,0
1041,2,2021-11-26,0,0,0,0,0,0,0,0
1042,2,2021-11-26,0,1,1,0,0,0,0,0
1043,2,2021-11-26,0,2,1,0,0,0,0,0
1044,2,2021-11-26,0,3,0,0,0,0,0,0
1045,2,2021-11-26,1,0,0,0,0,0,0,0
1046,2,2021-11-26,1,1,0,1,0,0,0,0
1047,2,2021-11-26,1,2,0,0,0,0,0,0
1048,2,2021-11-26,1,3,0,0,0,0,0,0
1049,2,2021-11-26,2,0,0,0,0,0,0,0
1050,2,2021-11-26,2,1,0,0,0,0,0,0
1051,2,2021-11-26,2,2,0,0,0,0,0,0
1052,2,2021-11-26,2,3,0,0,0,0,0,0
1053,2,2021-11-26,3,0,0,0,0,0,0,0
1054,2,2021-11-26,3,1,0,0,0,0,0,0
1055,2,2021-11-26,3,2,0,0,0,0,0,0
1056,2,2021-11-26,3,3,0,0,0,0,0,0
1057,2,2021-11-26,4,0,0,0,0,0,0,0
1058,2,2021-11-26,4,1,0,0,0,0,0,0
1059,2,2021-11-26,4,2,0,0,0,0,0,0
1060,2,2021-11-26,4,3,0,0,0,0,0,0
1061,2,2021-11-26,5,0,0,0,0,0,0,0
1062,2,2021-11-26,5,1,0,0,0,0,0,0
1063,2,2021-11-26,5,2,0,0,0,0,0,0
1064,2,2021-11-26,5,3,0,0,0,0,0,0
1065,2,2021-11-26,6,0,0,0,0,0,0,0
1066,2,2021-11-26,6,1,0,0,0,0,0,0
1067,2,2021-11-26,6,2,2,0,0,0,0,0
1068,2,2021-11-26,6,3,0,0,0,0,0,0
1069,2,2021-11-26,7,0,0,0,0,0,0,0
1070,2,2021-11-26,7,1,0,0,0,0,0,0
1071,2,2021-11-26,7,2,0,0,0,0,0,0
1072,2,2021-11-26,7,3,0,0,0,0,0,0
1073,2,2021-11-26,8,0,0,0,0,0,0,0
1074,2,2021-11-26,8,1,0,3,0,0,0,0
1075,2,2021-11-26,8,2,0,0,0,0,0,0
1076,2,2021-11-26,8,3,0,0,0,0,0,0
1077,2,2021-11-26,9,0,0,16,0,0,0,0
1078,2,2021-11-26,9,1,2,5,0,0,0,0
1079,2,2021-11-26,9,2,2,0,0,0,0,0
1080,2,2021-11-26,9,3,12,0,0,0,0,0
1081,2,2021-11-26,10,0,0,163,0,0,5,0
1082,2,2021-11-26,10,1,24,10,0,0,5,0
1083,2,2021-11-26,10,2,58,0,0,0,0,0
1084,2,2021-11-26,10,3,54,0,0,0,0,0
1085,2,2021-11-26,11,0,0,49,0,0,1,0
1086,2,2021-11-26,11,1,16,0,0,0,2,0
1087,2,2021-11-26,11,2,12,0,0,0,0,0
1088,2,2021-11-26,11,3,43,0,0,0,0,0
1089,2,2021-11-26,12,0,1,56,0,0,11,0
1090,2,2021-11-26,12,1,0,6,0,0,2,0
1091,2,2021-11-26,12,2,7,0,0,0,0,0
1092,2,2021-11-26,12,3,9,0,0,0,0,0
1093,2,2021-11-26,13,0,0,168,0,0,11,0
1094,2,2021-11-26,13,1,2,12,0,0,2,0
1095,2,2021-11-26,13,2,5,0,0,0,0,0
1096,2,2021-11-26,13,3,11,0,0,0,0,0
1097,2,2021-11-26,14,0,1,60,0,0,10,0
1098,2,2021-11-26,14,1,3,10,0,0,3,0
1099,2,2021-11-26,14,2,7,0,0,0,0,0
1100,2,2021-11-26,14,3,0,0,0,0,0,0
1101,2,2021-11-26,15,0,0,77,0,0,10,0
1102,2,2021-11-26,15,1,4,7,0,0,4,0
1103,2,2021-11-26,15,2,9,0,0,0,0,0
1104,2,2021-11-26,15,3,12,0,0,0,0,0
1105,2,2021-11-26,16,0,1,112,0,0,7,0
1106,2,2021-11-26,16,1,24,10,0,0,9,0
1107,2,2021-11-26,16,2,22,0,0,0,0,0
1108,2,2021-11-26,16,3,6,0,0,0,0,0
1109,2,2021-11-26,17,0,0,163,0,0,8,0
1110,2,2021-11-26,17,1,5,11,0,0,12,0
1111,2,2021-11-26,17,2,29,0,0,0,0,0
1112,2,2021-11-26,17,3,0,0,0,0,0,0
1113,2,2021-11-26,18,0,0,86,0,0,1,0
1114,2,2021-11-26,18,1,4,6,0,0,3,0
1115,2,2021-11-26,18,2,6,0,0,0,0,0
1116,2,2021-11-26,18,3,10,0,0,0,0,0
1117,2,2021-11-26,19,0,0,0,0,0,0,0
1118,2,2021-11-26,19,1,4,2,0,0,1,0
1119,2,2021-11-26,19,2,0,0,0,0,0,0
1120,2,2021-11-26,19,3,0,0,0,0,0,0
1121,2,2021-11-26,20,0,0,0,0,0,0,0
1122,2,2021-11-26,20,1,0,6,0,0,0,0
1123,2,2021-11-26,20,2,0,0,0,0,0,0
1124,2,2021-11-26,20,3,0,0,0,0,0,0
1125,2,2021-11-26,21,0,0,0,0,0,0,0
1126,2,2021-11-26,21,1,0,10,0,0,0,0
1127,2,2021-11-26,21,2,0,0,0,0,0,0
1128,2,2021-11-26,21,3,0,0,0,0,0,0
1129,2,2021-11-26,22,0,0,0,0,0,0,0
1130,2,2021-11-26,22,1,0,7,0,0,0,0
1131,2,2021-11-26,22,2,0,0,0,0,0,0
1132,2,2021-11-26,22,3,0,0,0,0,0,0
1133,2,2021-11-26,23,0,0,0,0,0,0,0
1134,2,2021-11-26,23,1,0,7,0,0,0,0
1135,2,2021-11-26,23,2,3,0,0,0,0,0
1136,2,2021-11-26,23,3,0,0,0,0,0,0
1137,2,2021-11-27,0,0,0,0,0,0,0,0
1138,2,2021-11-27,0,1,0,2,0,0,0,0
1139,2,2021-11-27,0,2,0,0,0,0,0,0
1140,2,2021-11-27,0,3,0,0,0,0,0,0
1141,2,2021-11-27,1,0,0,0,0,0,0,0
1142,2,2021-11-27,1,1,0,1,0,0,0,0
1143,2,2021-11-27,1,2,2,0,0,0,0,0
1144,2,2021-11-27,1,3,0,0,0,0,0,0
1145,2,2021-11-27,2,0,0,1,0,0,0,0
1146,2,2021-11-27,2,1,0,0,0,0,0,0
1147,2,2021-11-27,2,2,0,0,0,0,0,0
1148,2,2021-11-27,2,3,0,0,0,0,0,0
1149,2,2021-11-27,3,0,0,0,0,0,0,0
1150,2,2021-11-27,3,1,0,0,0,0,0,0
1151,2,2021-11-27,3,2,0,0,0,0,0,0
1152,2,2021-11-27,3,3,0,0,0,0,0,0
1153,2,2021-11-27,4,0,0,0,0,0,0,0
1154,2,2021-11-27,4,1,0,0,0,0,0,0
1155,2,2021-11-27,4,2,0,0,0,0,0,0
1156,2,2021-11-27,4,3,0,0,0,0,0,0
1157,2,2021-11-27,5,0,0,0,0,0,0,0
1158,2,2021-11-27,5,1,0,0,0,0,0,0
1159,2,2021-11-27,5,2,0,0,0,0,0,0
1160,2,2021-11-27,5,3,0,0,0,0,0,0
1161,2,2021-11-27,6,0,0,0,0,0,0,0
1162,2,2021-11-27,6,1,0,0,0,0,0,0
1163,2,2021-11-27,6,2,0,0,0,0,0,0
1164,2,2021-11-27,6,3,0,0,0,0,0,0
1165,2,2021-11-27,7,0,0,0,0,0,0,0
1166,2,2021-11-27,7,1,0,0,0,0,0,0
1167,2,2021-11-27,7,2,0,0,0,0,0,0
1168,2,2021-11-27,7,3,0,0,0,0,0,0
1169,2,2021-11-27,8,0,0,0,0,0,0,0
1170,2,2021-11-27,8,1,0,0,0,0,0,0
1171,2,2021-11-27,8,2,0,0,0,0,0,0
1172,2,2021-11-27,8,3,0,0,0,0,0,0
1173,2,2021-11-27,9,0,0,6,0,0,0,0
1174,2,2021-11-27,9,1,0,2,0,0,0,0
1175,2,2021-11-27,9,2,0,0,0,0,0,0
1176,2,2021-11-27,9,3,0,0,0,0,0,0
1177,2,2021-11-27,10,0,0,49,0,0,0,0
1178,2,2021-11-27,10,1,2,1,0,0,0,0
1179,2,2021-11-27,10,2,5,0,0,0,0,0
1180,2,2021-11-27,10,3,1,0,0,0,0,0
1181,2,2021-11-27,11,0,0,38,0,0,0,0
1182,2,2021-11-27,11,1,4,3,0,0,2,0
1183,2,2021-11-27,11,2,7,0,0,0,0,0
1184,2,2021-11-27,11,3,24,0,0,0,0,0
1185,2,2021-11-27,12,0,0,45,0,0,1,0
1186,2,2021-11-27,12,1,3,5,0,0,0,0
1187,2,2021-11-27,12,2,6,0,0,0,0,0
1188,2,2021-11-27,12,3,3,0,0,0,0,0
1189,2,2021-11-27,13,0,0,46,0,0,5,0
1190,2,2021-11-27,13,1,4,2,0,0,2,0
1191,2,2021-11-27,13,2,1,0,0,0,0,0
1192,2,2021-11-27,13,3,6,0,0,0,0,0
1193,2,2021-11-27,14,0,1,52,0,0,3,0
1194,2,2021-11-27,14,1,3,8,0,0,0,0
1195,2,2021-11-27,14,2,2,0,0,0,0,0
1196,2,2021-11-27,14,3,3,0,0,0,0,0
1197,2,2021-11-27,15,0,0,69,0,0,3,0
1198,2,2021-11-27,15,1,8,7,0,0,1,0
1199,2,2021-11-27,15,2,7,0,0,0,0,0
1200,2,2021-11-27,15,3,20,0,0,0,0,0
1201,2,2021-11-27,16,0,0,116,0,0,4,0
1202,2,2021-11-27,16,1,7,9,0,0,7,0
1203,2,2021-11-27,16,2,5,0,0,0,0,0
1204,2,2021-11-27,16,3,8,0,0,0,0,0
1205,2,2021-11-27,17,0,0,145,0,0,4,0
1206,2,2021-11-27,17,1,27,6,0,0,3,0
1207,2,2021-11-27,17,2,14,0,0,0,0,0
1208,2,2021-11-27,17,3,41,0,0,0,0,0
1209,2,2021-11-27,18,0,0,85,0,0,0,0
1210,2,2021-11-27,18,1,10,10,0,0,3,0
1211,2,2021-11-27,18,2,29,0,0,0,0,0
1212,2,2021-11-27,18,3,33,0,0,0,0,0
1213,2,2021-11-27,19,0,0,4,0,0,0,0
1214,2,2021-11-27,19,1,0,4,0,0,0,0
1215,2,2021-11-27,19,2,2,0,0,0,0,0
1216,2,2021-11-27,19,3,0,0,0,0,0,0
1217,2,2021-11-27,20,0,0,1,0,0,0,0
1218,2,2021-11-27,20,1,0,6,0,0,0,0
1219,2,2021-11-27,20,2,0,0,0,0,0,0
1220,2,2021-11-27,20,3,0,1,0,0,0,0
1221,2,2021-11-27,21,0,0,3,0,0,0,0
1222,2,2021-11-27,21,1,0,3,0,0,0,0
1223,2,2021-11-27,21,2,0,0,0,0,0,0
1224,2,2021-11-27,21,3,0,0,0,0,0,0
1225,2,2021-11-27,22,0,0,0,0,0,0,0
1226,2,2021-11-27,22,1,0,3,0,0,0,0
1227,2,2021-11-27,22,2,0,0,0,0,0,0
1228,2,2021-11-27,22,3,0,1,0,0,0,0
1229,2,2021-11-27,23,0,0,0,0,0,0,0
1230,2,2021-11-27,23,1,1,1,0,0,0,0
1231,2,2021-11-27,23,2,6,0,0,0,0,0
1232,2,2021-11-27,23,3,0,0,0,0,0,0
1233,2,2021-11-28,0,0,0,0,0,0,0,0
1234,2,2021-11-28,0,1,1,1,0,0,0,0
1235,2,2021-11-28,0,2,3,0,0,0,0,0
1236,2,2021-11-28,0,3,0,0,0,0,0,0
1237,2,2021-11-28,1,0,0,2,0,0,0,0
1238,2,2021-11-28,1,1,0,0,0,0,0,0
1239,2,2021-11-28,1,2,0,0,0,0,0,0
1240,2,2021-11-28,1,3,0,0,0,0,0,0
1241,2,2021-11-28,2,0,0,0,0,0,0,0
1242,2,2021-11-28,2,1,0,0,0,0,0,0
1243,2,2021-11-28,2,2,0,0,0,0,0,0
1244,2,2021-11-28,2,3,0,0,0,0,0,0
1245,2,2021-11-28,3,0,0,1,0,0,0,0
1246,2,2021-11-28,3,1,0,0,0,0,0,0
1247,2,2021-11-28,3,2,0,0,0,0,0,0
1248,2,2021-11-28,3,3,0,0,0,0,0,0
1249,2,2021-11-28,4,0,0,0,0,0,0,0
1250,2,2021-11-28,4,1,0,0,0,0,0,0
1251,2,2021-11-28,4,2,0,0,0,0,0,0
1252,2,2021-11-28,4,3,0,0,0,0,0,0
1253,2,2021-11-28,5,0,0,0,0,0,0,0
1254,2,2021-11-28,5,1,0,0,0,0,0,0
1255,2,2021-11-28,5,2,0,0,0,0,0,0
1256,2,2021-11-28,5,3,0,0,0,0,0,0
1257,2,2021-11-28,6,0,0,0,0,0,0,0
1258,2,2021-11-28,6,1,0,0,0,0,0,0
1259,2,2021-11-28,6,2,0,0,0,0,0,0
1260,2,2021-11-28,6,3,0,0,0,0,0,0
1261,2,2021-11-28,7,0,0,0,0,0,0,0
1262,2,2021-11-28,7,1,0,0,0,0,0,0
1263,2,2021-11-28,7,2,0,0,0,0,0,0
1264,2,2021-11-28,7,3,0,0,0,0,0,0
1265,2,2021-11-28,8,0,0,0,0,0,0,0
1266,2,2021-11-28,8,1,0,0,0,0,0,0
1267,2,2021-11-28,8,2,0,0,0,0,0,0
1268,2,2021-11-28,8,3,0,0,0,0,0,0
1269,2,2021-11-28,9,0,0,2,0,0,0,0
1270,2,2021-11-28,9,1,0,0,0,0,0,0
1271,2,2021-11-28,9,2,0,0,0,0,0,0
1272,2,2021-11-28,9,3,0,0,0,0,0,0
1273,2,2021-11-28,10,0,0,36,0,0,0,0
1274,2,2021-11-28,10,1,0,2,0,0,1,0
1275,2,2021-11-28,10,2,0,0,0,0,0,0
1276,2,2021-11-28,10,3,0,0,0,0,0,0
1277,2,2021-11-28,11,0,0,66,0,0,3,0
1278,2,2021-11-28,11,1,2,3,0,0,2,0
1279,2,2021-11-28,11,2,7,0,0,0,0,0
1280,2,2021-11-28,11,3,0,0,0,0,0,0
1281,2,2021-11-28,12,0,0,110,0,0,4,0
1282,2,2021-11-28,12,1,5,13,0,0,5,0
1283,2,2021-11-28,12,2,4,0,0,0,0,0
1284,2,2021-11-28,12,3,22,0,0,0,0,0
1285,2,2021-11-28,13,0,0,117,0,0,8,0
1286,2,2021-11-28,13,1,5,8,0,0,5,0
1287,2,2021-11-28,13,2,19,0,0,0,0,0
1288,2,2021-11-28,13,3,10,0,0,0,0,0
1289,2,2021-11-28,14,0,0,121,0,0,7,0
1290,2,2021-11-28,14,1,3,7,0,0,6,0
1291,2,2021-11-28,14,2,7,0,0,0,0,0
1292,2,2021-11-28,14,3,0,0,0,0,0,0
1293,2,2021-11-28,15,0,0,116,0,0,5,0
1294,2,2021-11-28,15,1,10,6,0,0,8,0
1295,2,2021-11-28,15,2,26,0,0,0,0,0
1296,2,2021-11-28,15,3,0,0,0,0,0,0
1297,2,2021-11-28,16,0,0,108,0,0,7,0
1298,2,2021-11-28,16,1,46,9,0,0,5,0
1299,2,2021-11-28,16,2,21,0,0,0,0,0
1300,2,2021-11-28,16,3,65,0,0,0,0,0
1301,2,2021-11-28,17,0,0,102,0,0,5,0
1302,2,2021-11-28,17,1,4,7,0,0,4,0
1303,2,2021-11-28,17,2,63,0,0,0,0,0
1304,2,2021-11-28,17,3,54,0,0,0,0,0
1305,2,2021-11-28,18,0,0,61,0,0,0,0
1306,2,2021-11-28,18,1,4,8,0,0,2,0
1307,2,2021-11-28,18,2,5,0,0,0,0,0
1308,2,2021-11-28,18,3,4,0,0,0,0,0
1309,2,2021-11-28,19,0,0,2,0,0,0,0
1310,2,2021-11-28,19,1,0,3,0,0,0,0
1311,2,2021-11-28,19,2,0,0,0,0,0,0
1312,2,2021-11-28,19,3,0,0,0,0,0,0
1313,2,2021-11-28,20,0,0,0,0,0,0,0
1314,2,2021-11-28,20,1,0,2,0,0,0,0
1315,2,2021-11-28,20,2,0,0,0,0,0,0
1316,2,2021-11-28,20,3,0,0,0,0,0,0
1317,2,2021-11-28,21,0,0,1,0,0,0,0
1318,2,2021-11-28,21,1,0,1,0,0,0,0
1319,2,2021-11-28,21,2,2,0,0,0,0,0
1320,2,2021-11-28,21,3,0,0,0,0,0,0
1321,2,2021-11-28,22,0,0,0,0,0,0,0
1322,2,2021-11-28,22,1,1,2,0,0,0,0
1323,2,2021-11-28,22,2,0,0,0,0,0,0
1324,2,2021-11-28,22,3,0,0,0,0,0,0
1325,2,2021-11-28,23,0,0,0,0,0,0,0
1326,2,2021-11-28,23,1,0,0,0,0,0,0
1327,2,2021-11-28,23,2,0,0,0,0,0,0
1328,2,2021-11-28,23,3,0,0,0,0,0,0
1329,2,2021-11-29,0,0,0,0,0,0,0,0
1330,2,2021-11-29,0,1,0,0,0,0,0,0
1331,2,2021-11-29,0,2,1,0,0,0,0,0
1332,2,2021-11-29,0,3,0,0,0,0,0,0
1333,2,2021-11-29,1,0,0,0,0,0,0,0
1334,2,2021-11-29,1,1,0,0,0,0,0,0
1335,2,2021-11-29,1,2,0,0,0,0,0,0
1336,2,2021-11-29,1,3,0,0,0,0,0,0
1337,2,2021-11-29,2,0,0,0,0,0,0,0
1338,2,2021-11-29,2,1,0,0,0,0,0,0
1339,2,2021-11-29,2,2,0,0,0,0,0,0
1340,2,2021-11-29,2,3,0,0,0,0,0,0
1341,2,2021-11-29,3,0,0,0,0,0,0,0
1342,2,2021-11-29,3,1,0,0,0,0,0,0
1343,2,2021-11-29,3,2,0,0,0,0,0,0
1344,2,2021-11-29,3,3,0,0,0,0,0,0
1345,2,2021-11-29,4,0,0,0,0,0,0,0
1346,2,2021-11-29,4,1,0,0,0,0,0,0
1347,2,2021-11-29,4,2,0,0,0,0,0,0
1348,2,2021-11-29,4,3,0,0,0,0,0,0
1349,2,2021-11-29,5,0,0,1,0,0,0,0
1350,2,2021-11-29,5,1,0,0,0,0,0,0
1351,2,2021-11-29,5,2,0,0,0,0,0,0
1352,2,2021-11-29,5,3,0,0,0,0,0,0
1353,2,2021-11-29,6,0,0,1,0,0,0,0
1354,2,2021-11-29,6,1,0,0,0,0,0,0
1355,2,2021-11-29,6,2,0,0,0,0,0,0
1356,2,2021-11-29,6,3,0,0,0,0,0,0
1357,2,2021-11-29,7,0,0,0,0,0,0,0
1358,2,2021-11-29,7,1,0,0,0,0,0,0
1359,2,2021-11-29,7,2,0,0,0,0,0,0
1360,2,2021-11-29,7,3,0,0,0,0,0,0
1361,2,2021-11-29,8,0,0,0,0,0,0,0
1362,2,2021-11-29,8,1,0,0,0,0,0,0
1363,2,2021-11-29,8,2,0,0,0,0,0,0
1364,2,2021-11-29,8,3,0,0,0,0,0,0
1365,2,2021-11-29,9,0,0,0,0,0,0,0
1366,2,2021-11-29,9,1,0,0,0,0,0,0
1367,2,2021-11-29,9,2,0,0,0,0,0,0
1368,2,2021-11-29,9,3,0,0,0,0,0,0
1369,2,2021-11-29,10,0,0,0,0,0,0,0
1370,2,2021-11-29,10,1,0,0,0,0,0,0
1371,2,2021-11-29,10,2,0,0,0,0,0,0
1372,2,2021-11-29,10,3,0,0,0,0,0,0
1373,2,2021-11-29,11,0,2,37,0,0,0,0
1374,2,2021-11-29,11,1,3,0,0,0,0,0
1375,2,2021-11-29,11,2,5,0,0,0,0,0
1376,2,2021-11-29,11,3,7,0,0,0,0,0
1377,2,2021-11-29,12,0,0,70,0,0,3,0
1378,2,2021-11-29,12,1,2,4,0,0,3,0
1379,2,2021-11-29,12,2,1,0,0,0,0,0
1380,2,2021-11-29,12,3,1,0,0,0,0,0
1381,2,2021-11-29,13,0,0,91,0,0,1,0
1382,2,2021-11-29,13,1,2,5,0,0,2,0
1383,2,2021-11-29,13,2,9,0,0,0,0,0
1384,2,2021-11-29,13,3,8,0,0,0,0,0
1385,2,2021-11-29,14,0,0,71,0,0,2,0
1386,2,2021-11-29,14,1,16,2,0,0,4,0
1387,2,2021-11-29,14,2,21,0,0,0,0,0
1388,2,2021-11-29,14,3,3,0,0,0,0,0
1389,2,2021-11-29,15,0,0,64,0,0,0,0
1390,2,2021-11-29,15,1,13,4,0,0,4,0
1391,2,2021-11-29,15,2,10,0,0,0,0,0
1392,2,2021-11-29,15,3,6,0,0,0,0,0
1393,2,2021-11-29,16,0,0,61,0,0,3,0
1394,2,2021-11-29,16,1,1,4,0,0,3,0
1395,2,2021-11-29,16,2,16,0,0,0,0,0
1396,2,2021-11-29,16,3,1,0,0,0,0,0
1397,2,2021-11-29,17,0,0,119,0,0,9,0
1398,2,2021-11-29,17,1,5,52,0,0,3,0
1399,2,2021-11-29,17,2,39,0,0,0,0,0
1400,2,2021-11-29,17,3,3,0,0,0,0,0
1401,2,2021-11-29,18,0,0,117,0,0,2,0
1402,2,2021-11-29,18,1,18,8,0,0,3,0
1403,2,2021-11-29,18,2,43,0,0,0,0,0
1404,2,2021-11-29,18,3,3,0,0,0,0,0
1405,2,2021-11-29,19,0,0,1,0,0,0,0
1406,2,2021-11-29,19,1,0,5,0,0,0,0
1407,2,2021-11-29,19,2,2,0,0,0,0,0
1408,2,2021-11-29,19,3,0,0,0,0,0,0
1409,2,2021-11-29,20,0,0,2,0,0,0,0
1410,2,2021-11-29,20,1,0,2,0,0,0,0
1411,2,2021-11-29,20,2,6,0,0,0,0,0
1412,2,2021-11-29,20,3,0,0,0,0,0,0
1413,2,2021-11-29,21,0,0,1,0,0,0,0
1414,2,2021-11-29,21,1,3,0,0,0,0,0
1415,2,2021-11-29,21,2,6,0,0,0,0,0
1416,2,2021-11-29,21,3,0,0,0,0,0,0
1417,2,2021-11-29,22,0,0,2,0,0,0,0
1418,2,2021-11-29,22,1,0,4,0,0,0,0
1419,2,2021-11-29,22,2,0,0,0,0,0,0
1420,2,2021-11-29,22,3,0,0,0,0,0,0
1421,2,2021-11-29,23,0,0,3,0,0,0,0
1422,2,2021-11-29,23,1,1,0,0,0,0,0
1423,2,2021-11-29,23,2,0,0,0,0,0,0
1424,2,2021-11-29,23,3,0,0,0,0,0,0
1425,2,2021-11-30,0,0,0,0,0,0,0,0
1426,2,2021-11-30,0,1,0,1,0,0,0,0
1427,2,2021-11-30,0,2,1,0,0,0,0,0
1428,2,2021-11-30,0,3,0,0,0,0,0,0
1429,2,2021-11-30,1,0,0,0,0,0,0,0
1430,2,2021-11-30,1,1,0,0,0,0,0,0
1431,2,2021-11-30,1,2,3,0,0,0,0,0
1432,2,2021-11-30,1,3,0,0,0,0,0,0
1433,2,2021-11-30,2,0,0,0,0,0,0,0
1434,2,2021-11-30,2,1,0,0,0,0,0,0
1435,2,2021-11-30,2,2,0,0,0,0,0,0
1436,2,2021-11-30,2,3,0,0,0,0,0,0
1437,2,2021-11-30,3,0,0,0,0,0,0,0
1438,2,2021-11-30,3,1,0,1,0,0,0,0
1439,2,2021-11-30,3,2,0,0,0,0,0,0
1440,2,2021-11-30,3,3,0,0,0,0,0,0
1441,2,2021-11-30,4,0,0,0,0,0,0,0
1442,2,2021-11-30,4,1,0,0,0,0,0,0
1443,2,2021-11-30,4,2,0,0,0,0,0,0
1444,2,2021-11-30,4,3,0,0,0,0,0,0
1445,2,2021-11-30,5,0,0,0,0,0,0,0
1446,2,2021-11-30,5,1,0,0,0,0,0,0
1447,2,2021-11-30,5,2,0,0,0,0,0,0
1448,2,2021-11-30,5,3,0,0,0,0,0,0
1449,2,2021-11-30,6,0,0,1,0,0,0,0
1450,2,2021-11-30,6,1,0,0,0,0,0,0
1451,2,2021-11-30,6,2,3,0,0,0,0,0
1452,2,2021-11-30,6,3,0,0,0,0,0,0
1453,2,2021-11-30,7,0,0,0,0,0,0,0
1454,2,2021-11-30,7,1,0,0,0,0,0,0
1455,2,2021-11-30,7,2,0,0,0,0,0,0
1456,2,2021-11-30,7,3,0,0,0,0,0,0
1457,2,2021-11-30,8,0,0,0,0,0,0,0
1458,2,2021-11-30,8,1,0,3,0,0,0,0
1459,2,2021-11-30,8,2,0,0,0,0,0,0
1460,2,2021-11-30,8,3,0,0,0,0,0,0
1461,2,2021-11-30,9,0,0,13,0,0,0,0
1462,2,2021-11-30,9,1,0,7,0,0,0,0
1463,2,2021-11-30,9,2,0,0,0,0,0,0
1464,2,2021-11-30,9,3,0,0,0,0,0,0
1465,2,2021-11-30,10,0,0,175,0,0,2,0
1466,2,2021-11-30,10,1,7,5,0,0,2,0
1467,2,2021-11-30,10,2,36,0,0,0,0,0
1468,2,2021-11-30,10,3,0,0,0,0,0,0
1469,2,2021-11-30,11,0,0,44,0,0,0,0
1470,2,2021-11-30,11,1,1,6,0,0,1,0
1471,2,2021-11-30,11,2,0,0,0,0,0,0
1472,2,2021-11-30,11,3,0,0,0,0,0,0
1473,2,2021-11-30,12,0,0,48,0,0,3,0
1474,2,2021-11-30,12,1,3,5,0,0,0,0
1475,2,2021-11-30,12,2,11,0,0,0,0,0
1476,2,2021-11-30,12,3,0,0,0,0,0,0
1477,2,2021-11-30,13,0,0,73,0,0,3,0
1478,2,2021-11-30,13,1,2,5,0,0,1,0
1479,2,2021-11-30,13,2,11,0,0,0,0,0
1480,2,2021-11-30,13,3,0,0,0,0,0,0
1481,2,2021-11-30,14,0,1,61,0,0,1,0
1482,2,2021-11-30,14,1,2,5,0,0,0,0
1483,2,2021-11-30,14,2,5,0,0,0,0,0
1484,2,2021-11-30,14,3,1,0,0,0,0,0
1485,2,2021-11-30,15,0,0,60,0,0,4,0
1486,2,2021-11-30,15,1,4,4,0,0,1,0
1487,2,2021-11-30,15,2,14,0,0,0,0,0
1488,2,2021-11-30,15,3,0,0,0,0,0,0
1489,2,2021-11-30,16,0,0,63,0,0,3,0
1490,2,2021-11-30,16,1,5,12,0,0,5,0
1491,2,2021-11-30,16,2,7,0,0,0,0,0
1492,2,2021-11-30,16,3,1,0,0,0,0,0
1493,2,2021-11-30,17,0,0,184,0,0,10,0
1494,2,2021-11-30,17,1,15,7,0,0,3,0
1495,2,2021-11-30,17,2,86,0,0,0,0,0
1496,2,2021-11-30,17,3,1,0,0,0,0,0
1497,2,2021-11-30,18,0,0,52,0,0,2,0
1498,2,2021-11-30,18,1,14,18,0,0,2,0
1499,2,2021-11-30,18,2,5,0,0,0,0,0
1500,2,2021-11-30,18,3,4,0,0,0,0,0
1501,2,2021-11-30,19,0,0,11,0,0,0,0
1502,2,2021-11-30,19,1,0,18,0,0,0,0
1503,2,2021-11-30,19,2,0,0,0,0,0,0
1504,2,2021-11-30,19,3,0,0,0,0,0,0
1505,2,2021-11-30,20,0,0,0,0,0,0,0
1506,2,2021-11-30,20,1,0,3,0,0,0,0
1507,2,2021-11-30,20,2,3,0,0,0,0,0
1508,2,2021-11-30,20,3,0,0,0,0,0,0
1509,2,2021-11-30,21,0,0,1,0,0,0,0
1510,2,2021-11-30,21,1,2,4,0,0,0,0
1511,2,2021-11-30,21,2,0,0,0,0,0,0
1512,2,2021-11-30,21,3,0,0,0,0,0,0
1513,2,2021-11-30,22,0,0,0,0,0,0,0
1514,2,2021-11-30,22,1,0,3,0,0,0,0
1515,2,2021-11-30,22,2,0,0,0,0,0,0
1516,2,2021-11-30,22,3,0,0,0,0,0,0
1517,2,2021-11-30,23,0,0,0,0,0,0,0
1518,2,2021-11-30,23,1,0,0,0,0,0,0
1519,2,2021-11-30,23,2,0,0,0,0,0,0
1520,2,2021-11-30,23,3,0,0,0,0,0,0
1521,2,2021-01-12,0,0,0,0,0,0,0,0
1522,2,2021-01-12,0,1,0,0,0,0,0,0
1523,2,2021-01-12,0,2,0,0,0,0,0,0
1524,2,2021-01-12,0,3,0,0,0,0,0,0
1525,2,2021-01-12,1,0,0,0,0,0,0,0
1526,2,2021-01-12,1,1,0,0,0,0,0,0
1527,2,2021-01-12,1,2,0,0,0,0,0,0
1528,2,2021-01-12,1,3,0,0,0,0,0,0
1529,2,2021-01-12,2,0,0,0,0,0,0,0
1530,2,2021-01-12,2,1,0,1,0,0,0,0
1531,2,2021-01-12,2,2,0,0,0,0,0,0
1532,2,2021-01-12,2,3,0,0,0,0,0,0
1533,2,2021-01-12,3,0,0,0,0,0,0,0
1534,2,2021-01-12,3,1,0,0,0,0,0,0
1535,2,2021-01-12,3,2,0,0,0,0,0,0
1536,2,2021-01-12,3,3,0,0,0,0,0,0
1537,2,2021-01-12,4,0,0,0,0,0,0,0
1538,2,2021-01-12,4,1,0,0,0,0,0,0
1539,2,2021-01-12,4,2,0,0,0,0,0,0
1540,2,2021-01-12,4,3,0,0,0,0,0,0
1541,2,2021-01-12,5,0,0,0,0,0,0,0
1542,2,2021-01-12,5,1,0,0,0,0,0,0
1543,2,2021-01-12,5,2,0,0,0,0,0,0
1544,2,2021-01-12,5,3,0,0,0,0,0,0
1545,2,2021-01-12,6,0,0,0,0,0,0,0
1546,2,2021-01-12,6,1,0,0,0,0,0,0
1547,2,2021-01-12,6,2,1,0,0,0,0,0
1548,2,2021-01-12,6,3,0,0,0,0,0,0
1549,2,2021-01-12,7,0,0,0,0,0,0,0
1550,2,2021-01-12,7,1,0,0,0,0,0,0
1551,2,2021-01-12,7,2,0,0,0,0,0,0
1552,2,2021-01-12,7,3,0,0,0,0,0,0
1553,2,2021-01-12,8,0,0,2,0,0,0,0
1554,2,2021-01-12,8,1,0,0,0,0,0,0
1555,2,2021-01-12,8,2,6,0,0,0,0,0
1556,2,2021-01-12,8,3,0,0,0,0,0,0
1557,2,2021-01-12,9,0,0,14,0,0,0,0
1558,2,2021-01-12,9,1,0,4,0,0,0,0
1559,2,2021-01-12,9,2,3,0,0,0,0,0
1560,2,2021-01-12,9,3,0,0,0,0,0,0
1561,2,2021-01-12,10,0,3,167,0,0,5,0
1562,2,2021-01-12,10,1,18,6,0,0,2,0
1563,2,2021-01-12,10,2,54,0,0,0,0,0
1564,2,2021-01-12,10,3,2,0,0,0,0,0
1565,2,2021-01-12,11,0,1,84,0,0,3,0
1566,2,2021-01-12,11,1,0,4,0,0,1,0
1567,2,2021-01-12,11,2,0,0,0,0,0,0
1568,2,2021-01-12,11,3,0,0,0,0,0,0
1569,2,2021-01-12,12,0,0,95,0,0,6,0
1570,2,2021-01-12,12,1,0,2,0,0,3,0
1571,2,2021-01-12,12,2,8,0,0,0,0,0
1572,2,2021-01-12,12,3,1,0,0,0,0,0
1573,2,2021-01-12,13,0,1,82,0,0,4,0
1574,2,2021-01-12,13,1,21,6,0,0,3,0
1575,2,2021-01-12,13,2,18,0,0,0,0,0
1576,2,2021-01-12,13,3,21,0,0,0,0,0
1577,2,2021-01-12,14,0,0,89,0,0,14,0
1578,2,2021-01-12,14,1,3,5,0,0,6,0
1579,2,2021-01-12,14,2,34,0,0,0,0,0
1580,2,2021-01-12,14,3,16,0,0,0,0,0
1581,2,2021-01-12,15,0,0,88,0,0,19,0
1582,2,2021-01-12,15,1,2,3,0,0,3,0
1583,2,2021-01-12,15,2,11,0,0,0,0,0
1584,2,2021-01-12,15,3,3,0,0,0,0,0
1585,2,2021-01-12,16,0,1,121,0,0,12,0
1586,2,2021-01-12,16,1,11,14,0,0,6,0
1587,2,2021-01-12,16,2,47,0,0,0,0,0
1588,2,2021-01-12,16,3,2,0,0,0,0,0
1589,2,2021-01-12,17,0,0,146,0,0,11,0
1590,2,2021-01-12,17,1,25,12,0,0,3,0
1591,2,2021-01-12,17,2,32,0,0,0,0,0
1592,2,2021-01-12,17,3,18,0,0,0,0,0
1593,2,2021-01-12,18,0,0,77,0,0,1,0
1594,2,2021-01-12,18,1,4,15,0,0,4,0
1595,2,2021-01-12,18,2,5,0,0,0,0,0
1596,2,2021-01-12,18,3,2,0,0,0,0,0
1597,2,2021-01-12,19,0,0,6,0,0,0,0
1598,2,2021-01-12,19,1,0,10,0,0,0,0
1599,2,2021-01-12,19,2,7,0,0,0,0,0
1600,2,2021-01-12,19,3,0,0,0,0,0,0
1601,2,2021-01-12,20,0,0,4,0,0,0,0
1602,2,2021-01-12,20,1,0,11,0,0,0,0
1603,2,2021-01-12,20,2,1,0,0,0,0,0
1604,2,2021-01-12,20,3,0,0,0,0,0,0
1605,2,2021-01-12,21,0,0,3,0,0,0,0
1606,2,2021-01-12,21,1,0,6,0,0,0,0
1607,2,2021-01-12,21,2,6,0,0,0,0,0
1608,2,2021-01-12,21,3,0,0,0,0,0,0
1609,2,2021-01-12,22,0,0,3,0,0,0,0
1610,2,2021-01-12,22,1,0,6,0,0,0,0
1611,2,2021-01-12,22,2,0,0,0,0,0,0
1612,2,2021-01-12,22,3,0,0,0,0,0,0
1613,2,2021-01-12,23,0,0,1,0,0,0,0
1614,2,2021-01-12,23,1,0,2,0,0,0,0
1615,2,2021-01-12,23,2,6,0,0,0,0,0
1616,2,2021-01-12,23,3,0,0,0,0,0,0
1617,2,2021-02-12,0,0,0,1,0,0,0,0
1618,2,2021-02-12,0,1,0,1,0,0,0,0
1619,2,2021-02-12,0,2,2,0,0,0,0,0
1620,2,2021-02-12,0,3,0,0,0,0,0,0
1621,2,2021-02-12,1,0,0,1,0,0,0,0
1622,2,2021-02-12,1,1,0,3,0,0,0,0
1623,2,2021-02-12,1,2,0,0,0,0,0,0
1624,2,2021-02-12,1,3,0,0,0,0,0,0
1625,2,2021-02-12,2,0,0,0,0,0,0,0
1626,2,2021-02-12,2,1,0,0,0,0,0,0
1627,2,2021-02-12,2,2,0,0,0,0,0,0
1628,2,2021-02-12,2,3,0,0,0,0,0,0
1629,2,2021-02-12,3,0,0,1,0,0,0,0
1630,2,2021-02-12,3,1,0,0,0,0,0,0
1631,2,2021-02-12,3,2,0,0,0,0,0,0
1632,2,2021-02-12,3,3,0,0,0,0,0,0
1633,2,2021-02-12,4,0,0,0,0,0,0,0
1634,2,2021-02-12,4,1,0,0,0,0,0,0
1635,2,2021-02-12,4,2,0,0,0,0,0,0
1636,2,2021-02-12,4,3,0,0,0,0,0,0
1637,2,2021-02-12,5,0,0,0,0,0,0,0
1638,2,2021-02-12,5,1,0,1,0,0,0,0
1639,2,2021-02-12,5,2,0,0,0,0,0,0
1640,2,2021-02-12,5,3,0,0,0,0,0,0
1641,2,2021-02-12,6,0,0,1,0,0,0,0
1642,2,2021-02-12,6,1,0,0,0,0,0,0
1643,2,2021-02-12,6,2,0,0,0,0,0,0
1644,2,2021-02-12,6,3,0,0,0,0,0,0
1645,2,2021-02-12,7,0,0,2,0,0,0,0
1646,2,2021-02-12,7,1,0,1,0,0,0,0
1647,2,2021-02-12,7,2,0,0,0,0,0,0
1648,2,2021-02-12,7,3,0,0,0,0,0,0
1649,2,2021-02-12,8,0,0,7,0,0,0,0
1650,2,2021-02-12,8,1,0,3,0,0,0,0
1651,2,2021-02-12,8,2,0,0,0,0,0,0
1652,2,2021-02-12,8,3,0,0,0,0,0,0
1653,2,2021-02-12,9,0,0,0,0,0,0,0
1654,2,2021-02-12,9,1,0,0,0,0,0,0
1655,2,2021-02-12,9,2,0,0,0,0,0,0
1656,2,2021-02-12,9,3,0,0,0,0,0,0
1657,2,2021-02-12,10,0,0,0,0,0,0,0
1658,2,2021-02-12,10,1,0,0,0,0,0,0
1659,2,2021-02-12,10,2,0,0,0,0,0,0
1660,2,2021-02-12,10,3,0,0,0,0,0,0
1661,2,2021-02-12,11,0,0,0,0,0,0,0
1662,2,2021-02-12,11,1,0,0,0,0,0,0
1663,2,2021-02-12,11,2,0,0,0,0,0,0
1664,2,2021-02-12,11,3,0,0,0,0,0,0
1665,2,2021-02-12,12,0,0,0,0,0,0,0
1666,2,2021-02-12,12,1,0,0,0,0,0,0
1667,2,2021-02-12,12,2,0,0,0,0,0,0
1668,2,2021-02-12,12,3,0,0,0,0,0,0
1669,2,2021-02-12,13,0,0,15,0,0,2,0
1670,2,2021-02-12,13,1,0,3,0,0,0,0
1671,2,2021-02-12,13,2,3,0,0,0,0,0
1672,2,2021-02-12,13,3,12,0,0,0,0,0
1673,2,2021-02-12,14,0,0,64,0,0,0,0
1674,2,2021-02-12,14,1,0,11,0,0,2,0
1675,2,2021-02-12,14,2,11,0,0,0,0,0
1676,2,2021-02-12,14,3,9,0,0,0,0,0
1677,2,2021-02-12,15,0,0,13,0,0,0,0
1678,2,2021-02-12,15,1,3,5,0,0,2,0
1679,2,2021-02-12,15,2,2,0,0,0,0,0
1680,2,2021-02-12,15,3,1,0,0,0,0,0
1681,2,2021-02-12,16,0,0,54,0,0,0,0
1682,2,2021-02-12,16,1,6,9,0,0,3,0
1683,2,2021-02-12,16,2,21,0,0,0,0,0
1684,2,2021-02-12,16,3,0,0,0,0,0,0
1685,2,2021-02-12,17,0,1,172,0,0,5,0
1686,2,2021-02-12,17,1,13,14,0,0,7,0
1687,2,2021-02-12,17,2,44,0,0,0,0,0
1688,2,2021-02-12,17,3,0,0,0,0,0,0
1689,2,2021-02-12,18,0,0,132,0,0,4,0
1690,2,2021-02-12,18,1,2,0,0,0,10,0
1691,2,2021-02-12,18,2,18,0,0,0,0,0
1692,2,2021-02-12,18,3,0,0,0,0,0,0
1693,2,2021-02-12,19,0,0,47,0,0,0,0
1694,2,2021-02-12,19,1,0,9,0,0,1,0
1695,2,2021-02-12,19,2,0,0,0,0,0,0
1696,2,2021-02-12,19,3,0,0,0,0,0,0
1697,2,2021-02-12,20,0,0,18,0,0,0,0
1698,2,2021-02-12,20,1,1,26,0,0,0,0
1699,2,2021-02-12,20,2,0,0,0,0,0,0
1700,2,2021-02-12,20,3,0,0,0,0,0,0
1701,2,2021-02-12,21,0,0,8,0,0,0,0
1702,2,2021-02-12,21,1,11,13,0,0,0,0
1703,2,2021-02-12,21,2,0,0,0,0,0,0
1704,2,2021-02-12,21,3,0,0,0,0,0,0
1705,2,2021-02-12,22,0,0,6,0,0,0,0
1706,2,2021-02-12,22,1,0,5,0,0,0,0
1707,2,2021-02-12,22,2,0,0,0,0,0,0
1708,2,2021-02-12,22,3,0,0,0,0,0,0
1709,2,2021-02-12,23,0,0,5,0,0,0,0
1710,2,2021-02-12,23,1,0,5,0,0,0,0
1711,2,2021-02-12,23,2,4,0,0,0,0,0
1712,2,2021-02-12,23,3,0,0,0,0,0,0
1713,2,2021-03-12,0,0,0,1,0,0,0,0
1714,2,2021-03-12,0,1,3,3,0,0,0,0
1715,2,2021-03-12,0,2,4,0,0,0,0,0
1716,2,2021-03-12,0,3,0,0,0,0,0,0
1717,2,2021-03-12,1,0,0,1,0,0,0,0
1718,2,2021-03-12,1,1,0,3,0,0,0,0
1719,2,2021-03-12,1,2,0,0,0,0,0,0
1720,2,2021-03-12,1,3,0,0,0,0,0,0
1721,2,2021-03-12,2,0,0,0,0,0,0,0
1722,2,2021-03-12,2,1,0,1,0,0,0,0
1723,2,2021-03-12,2,2,0,0,0,0,0,0
1724,2,2021-03-12,2,3,0,0,0,0,0,0
1725,2,2021-03-12,3,0,0,1,0,0,0,0
1726,2,2021-03-12,3,1,0,2,0,0,0,0
1727,2,2021-03-12,3,2,0,0,0,0,0,0
1728,2,2021-03-12,3,3,0,0,0,0,0,0
1729,2,2021-03-12,4,0,0,0,0,0,0,0
1730,2,2021-03-12,4,1,0,0,0,0,0,0
1731,2,2021-03-12,4,2,0,0,0,0,0,0
1732,2,2021-03-12,4,3,0,0,0,0,0,0
1733,2,2021-03-12,5,0,0,1,0,0,0,0
1734,2,2021-03-12,5,1,0,0,0,0,0,0
1735,2,2021-03-12,5,2,0,0,0,0,0,0
1736,2,2021-03-12,5,3,0,0,0,0,0,0
1737,2,2021-03-12,6,0,0,0,0,0,0,0
1738,2,2021-03-12,6,1,0,0,0,0,0,0
1739,2,2021-03-12,6,2,0,0,0,0,0,0
1740,2,2021-03-12,6,3,0,0,0,0,0,0
1741,2,2021-03-12,7,0,0,1,0,0,0,0
1742,2,2021-03-12,7,1,0,1,0,0,0,0
1743,2,2021-03-12,7,2,6,0,0,0,0,0
1744,2,2021-03-12,7,3,0,0,0,0,0,0
1745,2,2021-03-12,8,0,0,9,0,0,0,0
1746,2,2021-03-12,8,1,0,1,0,0,0,0
1747,2,2021-03-12,8,2,0,0,0,0,0,0
1748,2,2021-03-12,8,3,0,0,0,0,0,0
1749,2,2021-03-12,9,0,0,41,0,0,0,0
1750,2,2021-03-12,9,1,3,3,0,0,0,0
1751,2,2021-03-12,9,2,6,0,0,0,0,0
1752,2,2021-03-12,9,3,1,0,0,0,0,0
1753,2,2021-03-12,10,0,0,107,0,0,4,0
1754,2,2021-03-12,10,1,0,8,0,0,2,0
1755,2,2021-03-12,10,2,8,0,0,0,0,0
1756,2,2021-03-12,10,3,57,0,0,0,0,0
1757,2,2021-03-12,11,0,0,93,0,0,2,0
1758,2,2021-03-12,11,1,4,4,0,0,0,0
1759,2,2021-03-12,11,2,6,0,0,0,0,0
1760,2,2021-03-12,11,3,8,0,0,0,0,0
1761,2,2021-03-12,12,0,1,75,0,0,0,0
1762,2,2021-03-12,12,1,3,6,0,0,0,0
1763,2,2021-03-12,12,2,15,0,0,0,0,0
1764,2,2021-03-12,12,3,4,0,0,0,0,0
1765,2,2021-03-12,13,0,1,56,0,0,3,0
1766,2,2021-03-12,13,1,0,13,0,0,1,0
1767,2,2021-03-12,13,2,27,0,0,0,0,0
1768,2,2021-03-12,13,3,16,0,0,0,0,0
1769,2,2021-03-12,14,0,0,77,0,0,3,0
1770,2,2021-03-12,14,1,8,10,0,0,3,0
1771,2,2021-03-12,14,2,0,0,0,0,0,0
1772,2,2021-03-12,14,3,19,0,0,0,0,0
1773,2,2021-03-12,15,0,0,70,0,0,3,0
1774,2,2021-03-12,15,1,0,5,0,0,1,0
1775,2,2021-03-12,15,2,0,0,0,0,0,0
1776,2,2021-03-12,15,3,5,0,0,0,0,0
1777,2,2021-03-12,16,0,0,63,0,0,2,0
1778,2,2021-03-12,16,1,7,2,0,0,1,0
1779,2,2021-03-12,16,2,15,0,0,0,0,0
1780,2,2021-03-12,16,3,74,0,0,0,0,0
1781,2,2021-03-12,17,0,0,110,0,0,2,0
1782,2,2021-03-12,17,1,4,1,0,0,3,0
1783,2,2021-03-12,17,2,25,0,0,0,0,0
1784,2,2021-03-12,17,3,9,0,0,0,0,0
1785,2,2021-03-12,18,0,0,135,0,0,3,0
1786,2,2021-03-12,18,1,10,0,0,0,9,0
1787,2,2021-03-12,18,2,22,0,0,0,0,0
1788,2,2021-03-12,18,3,0,0,0,0,0,0
1789,2,2021-03-12,19,0,0,18,0,0,0,0
1790,2,2021-03-12,19,1,0,18,0,0,3,0
1791,2,2021-03-12,19,2,7,0,0,0,0,0
1792,2,2021-03-12,19,3,0,0,0,0,0,0
1793,2,2021-03-12,20,0,0,9,0,0,0,0
1794,2,2021-03-12,20,1,0,15,0,0,0,0
1795,2,2021-03-12,20,2,1,0,0,0,0,0
1796,2,2021-03-12,20,3,0,0,0,0,0,0
1797,2,2021-03-12,21,0,0,8,0,0,0,0
1798,2,2021-03-12,21,1,0,19,0,0,0,0
1799,2,2021-03-12,21,2,0,0,0,0,0,0
1800,2,2021-03-12,21,3,0,0,0,0,0,0
1801,2,2021-03-12,22,0,0,6,0,0,0,0
1802,2,2021-03-12,22,1,5,16,0,0,0,0
1803,2,2021-03-12,22,2,1,0,0,0,0,0
1804,2,2021-03-12,22,3,0,0,0,0,0,0
1805,2,2021-03-12,23,0,0,5,0,0,0,0
1806,2,2021-03-12,23,1,4,15,0,0,0,0
1807,2,2021-03-12,23,2,1,0,0,0,0,0
1808,2,2021-03-12,23,3,0,0,0,0,0,0
1809,2,2021-04-12,0,0,0,4,0,0,0,0
1810,2,2021-04-12,0,1,0,7,0,0,0,0
1811,2,2021-04-12,0,2,0,0,0,0,0,0
1812,2,2021-04-12,0,3,0,0,0,0,0,0
1813,2,2021-04-12,1,0,0,2,0,0,0,0
1814,2,2021-04-12,1,1,1,1,0,0,0,0
1815,2,2021-04-12,1,2,7,0,0,0,0,0
1816,2,2021-04-12,1,3,0,0,0,0,0,0
1817,2,2021-04-12,2,0,0,5,0,0,0,0
1818,2,2021-04-12,2,1,0,4,0,0,0,0
1819,2,2021-04-12,2,2,0,0,0,0,0,0
1820,2,2021-04-12,2,3,0,0,0,0,0,0
1821,2,2021-04-12,3,0,0,1,0,0,0,0
1822,2,2021-04-12,3,1,0,1,0,0,0,0
1823,2,2021-04-12,3,2,0,0,0,0,0,0
1824,2,2021-04-12,3,3,0,0,0,0,0,0
1825,2,2021-04-12,4,0,0,2,0,0,0,0
1826,2,2021-04-12,4,1,0,0,0,0,0,0
1827,2,2021-04-12,4,2,0,0,0,0,0,0
1828,2,2021-04-12,4,3,0,0,0,0,0,0
1829,2,2021-04-12,5,0,0,1,0,0,0,0
1830,2,2021-04-12,5,1,0,1,0,0,0,0
1831,2,2021-04-12,5,2,1,0,0,0,0,0
1832,2,2021-04-12,5,3,0,0,0,0,0,0
1833,2,2021-04-12,6,0,0,0,0,0,0,0
1834,2,2021-04-12,6,1,0,1,0,0,0,0
1835,2,2021-04-12,6,2,0,0,0,0,0,0
1836,2,2021-04-12,6,3,0,0,0,0,0,0
1837,2,2021-04-12,7,0,0,1,0,0,0,0
1838,2,2021-04-12,7,1,0,3,0,0,0,0
1839,2,2021-04-12,7,2,0,0,0,0,0,0
1840,2,2021-04-12,7,3,0,0,0,0,0,0
1841,2,2021-04-12,8,0,0,0,0,0,0,0
1842,2,2021-04-12,8,1,0,1,0,0,0,0
1843,2,2021-04-12,8,2,0,0,0,0,0,0
1844,2,2021-04-12,8,3,0,0,0,0,0,0
1845,2,2021-04-12,9,0,0,10,0,0,0,0
1846,2,2021-04-12,9,1,0,0,0,0,0,0
1847,2,2021-04-12,9,2,0,0,0,0,0,0
1848,2,2021-04-12,9,3,0,0,0,0,0,0
1849,2,2021-04-12,10,0,0,50,0,0,4,0
1850,2,2021-04-12,10,1,10,1,0,0,1,0
1851,2,2021-04-12,10,2,31,0,0,0,0,0
1852,2,2021-04-12,10,3,2,0,0,0,0,0
1853,2,2021-04-12,11,0,0,61,0,0,25,0
1854,2,2021-04-12,11,1,4,2,0,0,0,0
1855,2,2021-04-12,11,2,0,0,0,0,0,0
1856,2,2021-04-12,11,3,40,0,0,0,0,0
1857,2,2021-04-12,12,0,1,87,0,0,61,0
1858,2,2021-04-12,12,1,0,5,0,0,2,0
1859,2,2021-04-12,12,2,0,0,0,0,0,0
1860,2,2021-04-12,12,3,2,0,0,0,0,0
1861,2,2021-04-12,13,0,1,89,0,0,17,0
1862,2,2021-04-12,13,1,20,4,0,0,2,0
1863,2,2021-04-12,13,2,2,0,2,0,0,0
1864,2,2021-04-12,13,3,25,0,0,0,0,0
1865,2,2021-04-12,14,0,0,66,0,0,9,0
1866,2,2021-04-12,14,1,3,11,0,0,7,0
1867,2,2021-04-12,14,2,5,0,0,0,0,0
1868,2,2021-04-12,14,3,5,0,0,0,0,0
1869,2,2021-04-12,15,0,0,94,0,0,16,0
1870,2,2021-04-12,15,1,0,6,0,0,4,0
1871,2,2021-04-12,15,2,9,0,0,0,0,0
1872,2,2021-04-12,15,3,0,0,0,0,0,0
1873,2,2021-04-12,16,0,0,81,0,0,26,0
1874,2,2021-04-12,16,1,8,1,0,0,6,0
1875,2,2021-04-12,16,2,10,0,0,0,0,0
1876,2,2021-04-12,16,3,58,0,0,0,0,0
1877,2,2021-04-12,17,0,0,114,0,0,28,0
1878,2,2021-04-12,17,1,21,3,0,0,7,0
1879,2,2021-04-12,17,2,0,0,0,0,0,0
1880,2,2021-04-12,17,3,67,0,0,0,0,0
1881,2,2021-04-12,18,0,0,55,0,0,5,0
1882,2,2021-04-12,18,1,9,4,0,0,5,0
1883,2,2021-04-12,18,2,5,0,0,0,0,0
1884,2,2021-04-12,18,3,1,0,0,0,0,0
1885,2,2021-04-12,19,0,0,13,0,0,0,0
1886,2,2021-04-12,19,1,1,13,0,0,0,0
1887,2,2021-04-12,19,2,0,0,0,0,0,0
1888,2,2021-04-12,19,3,4,0,0,0,0,0
1889,2,2021-04-12,20,0,0,5,0,0,0,0
1890,2,2021-04-12,20,1,1,12,0,0,0,0
1891,2,2021-04-12,20,2,0,0,0,0,0,0
1892,2,2021-04-12,20,3,0,0,0,0,0,0
1893,2,2021-04-12,21,0,0,6,0,0,0,0
1894,2,2021-04-12,21,1,1,22,0,0,0,0
1895,2,2021-04-12,21,2,2,0,0,0,0,0
1896,2,2021-04-12,21,3,0,0,0,0,0,0
1897,2,2021-04-12,22,0,0,2,0,0,0,0
1898,2,2021-04-12,22,1,0,16,0,0,0,0
1899,2,2021-04-12,22,2,9,0,0,0,0,0
1900,2,2021-04-12,22,3,0,0,0,0,0,0
1901,2,2021-04-12,23,0,0,2,0,0,0,0
1902,2,2021-04-12,23,1,0,13,0,0,0,0
1903,2,2021-04-12,23,2,2,0,0,0,0,0
1904,2,2021-04-12,23,3,0,0,0,0,0,0
1905,2,2021-05-12,0,0,0,0,0,0,0,0
1906,2,2021-05-12,0,1,0,12,0,0,0,0
1907,2,2021-05-12,0,2,0,0,0,0,0,0
1908,2,2021-05-12,0,3,0,0,0,0,0,0
1909,2,2021-05-12,1,0,0,1,0,0,0,0
1910,2,2021-05-12,1,1,0,3,0,0,0,0
1911,2,2021-05-12,1,2,7,0,0,0,0,0
1912,2,2021-05-12,1,3,0,0,0,0,0,0
1913,2,2021-05-12,2,0,0,4,0,0,1,0
1914,2,2021-05-12,2,1,0,2,0,0,0,0
1915,2,2021-05-12,2,2,0,0,0,0,0,0
1916,2,2021-05-12,2,3,0,0,0,0,0,0
1917,2,2021-05-12,3,0,0,1,0,0,0,0
1918,2,2021-05-12,3,1,0,0,0,0,0,0
1919,2,2021-05-12,3,2,0,0,0,0,0,0
1920,2,2021-05-12,3,3,0,0,0,0,0,0
1921,2,2021-05-12,4,0,0,0,0,0,0,0
1922,2,2021-05-12,4,1,0,0,0,0,0,0
1923,2,2021-05-12,4,2,0,0,0,0,0,0
1924,2,2021-05-12,4,3,0,0,0,0,0,0
1925,2,2021-05-12,5,0,0,0,0,0,0,0
1926,2,2021-05-12,5,1,0,0,0,0,0,0
1927,2,2021-05-12,5,2,0,0,0,0,0,0
1928,2,2021-05-12,5,3,0,0,0,0,0,0
1929,2,2021-05-12,6,0,0,0,0,0,0,0
1930,2,2021-05-12,6,1,0,1,0,0,0,0
1931,2,2021-05-12,6,2,0,0,0,0,0,0
1932,2,2021-05-12,6,3,0,0,0,0,0,0
1933,2,2021-05-12,7,0,0,3,0,0,0,0
1934,2,2021-05-12,7,1,0,1,0,0,0,0
1935,2,2021-05-12,7,2,0,0,0,0,0,0
1936,2,2021-05-12,7,3,0,0,0,0,0,0
1937,2,2021-05-12,8,0,0,3,0,0,0,0
1938,2,2021-05-12,8,1,0,0,0,0,0,0
1939,2,2021-05-12,8,2,0,0,0,0,0,0
1940,2,2021-05-12,8,3,0,0,0,0,0,0
1941,2,2021-05-12,9,0,0,5,0,0,0,0
1942,2,2021-05-12,9,1,4,3,0,0,0,0
1943,2,2021-05-12,9,2,0,0,0,0,0,0
1944,2,2021-05-12,9,3,2,0,0,0,0,0
1945,2,2021-05-12,10,0,0,27,0,0,0,0
1946,2,2021-05-12,10,1,0,1,0,0,0,0
1947,2,2021-05-12,10,2,0,0,0,0,0,0
1948,2,2021-05-12,10,3,0,0,0,0,0,0
1949,2,2021-05-12,11,0,0,64,0,0,3,0
1950,2,2021-05-12,11,1,0,5,0,0,0,0
1951,2,2021-05-12,11,2,16,0,0,0,0,0
1952,2,2021-05-12,11,3,20,0,0,0,0,0
1953,2,2021-05-12,12,0,3,41,0,0,3,0
1954,2,2021-05-12,12,1,2,11,0,0,0,0
1955,2,2021-05-12,12,2,0,0,0,0,0,0
1956,2,2021-05-12,12,3,15,0,0,0,0,0
1957,2,2021-05-12,13,0,0,32,0,0,1,0
1958,2,2021-05-12,13,1,0,3,0,0,0,0
1959,2,2021-05-12,13,2,0,0,0,0,0,0
1960,2,2021-05-12,13,3,0,0,0,0,0,0
1961,2,2021-05-12,14,0,0,38,0,0,2,0
1962,2,2021-05-12,14,1,0,2,0,0,2,0
1963,2,2021-05-12,14,2,4,0,0,0,0,0
1964,2,2021-05-12,14,3,0,0,0,0,0,0
1965,2,2021-05-12,15,0,0,18,0,0,2,0
1966,2,2021-05-12,15,1,3,6,0,0,2,0
1967,2,2021-05-12,15,2,0,0,0,0,0,0
1968,2,2021-05-12,15,3,2,0,0,0,0,0
1969,2,2021-05-12,16,0,0,33,0,0,3,0
1970,2,2021-05-12,16,1,3,6,0,0,2,0
1971,2,2021-05-12,16,2,8,0,0,0,0,0
1972,2,2021-05-12,16,3,1,0,0,0,0,0
1973,2,2021-05-12,17,0,0,104,0,0,2,0
1974,2,2021-05-12,17,1,0,6,0,0,3,0
1975,2,2021-05-12,17,2,0,0,0,0,0,0
1976,2,2021-05-12,17,3,9,0,0,0,0,0
1977,2,2021-05-12,18,0,0,87,0,0,7,0
1978,2,2021-05-12,18,1,12,8,0,0,3,0
1979,2,2021-05-12,18,2,6,0,0,0,0,0
1980,2,2021-05-12,18,3,0,0,0,0,0,0
1981,2,2021-05-12,19,0,0,25,0,0,0,0
1982,2,2021-05-12,19,1,16,14,0,0,0,0
1983,2,2021-05-12,19,2,12,0,0,0,0,0
1984,2,2021-05-12,19,3,0,0,0,0,0,0
1985,2,2021-05-12,20,0,0,12,0,0,0,0
1986,2,2021-05-12,20,1,8,14,0,0,0,0
1987,2,2021-05-12,20,2,8,0,0,0,0,0
1988,2,2021-05-12,20,3,0,0,0,0,0,0
1989,2,2021-05-12,21,0,0,2,0,0,0,0
1990,2,2021-05-12,21,1,4,8,0,0,0,0
1991,2,2021-05-12,21,2,9,0,0,0,0,0
1992,2,2021-05-12,21,3,0,0,0,0,0,0
1993,2,2021-05-12,22,0,0,1,0,0,0,0
1994,2,2021-05-12,22,1,0,14,0,0,0,0
1995,2,2021-05-12,22,2,0,0,0,0,0,0
1996,2,2021-05-12,22,3,0,0,0,0,0,0
1997,2,2021-05-12,23,0,0,1,0,0,0,0
1998,2,2021-05-12,23,1,0,4,0,0,0,0
1999,2,2021-05-12,23,2,0,0,0,0,0,0
2000,2,2021-05-12,23,3,0,0,0,0,0,0
2001,2,2021-06-12,0,0,0,0,0,0,0,0
2002,2,2021-06-12,0,1,0,2,0,0,0,0
2003,2,2021-06-12,0,2,0,0,0,0,0,0
2004,2,2021-06-12,0,3,0,0,0,0,0,0
2005,2,2021-06-12,1,0,0,0,0,0,0,0
2006,2,2021-06-12,1,1,0,4,0,0,0,0
2007,2,2021-06-12,1,2,0,0,0,0,0,0
2008,2,2021-06-12,1,3,0,0,0,0,0,0
2009,2,2021-06-12,2,0,0,0,0,0,0,0
2010,2,2021-06-12,2,1,0,2,0,0,0,0
2011,2,2021-06-12,2,2,0,0,0,0,0,0
2012,2,2021-06-12,2,3,0,0,0,0,0,0
2013,2,2021-06-12,3,0,0,0,0,0,0,0
2014,2,2021-06-12,3,1,0,1,0,0,0,0
2015,2,2021-06-12,3,2,0,0,0,0,0,0
2016,2,2021-06-12,3,3,0,0,0,0,0,0
2017,2,2021-06-12,4,0,0,0,0,0,0,0
2018,2,2021-06-12,4,1,0,1,0,0,0,0
2019,2,2021-06-12,4,2,0,0,0,0,0,0
2020,2,2021-06-12,4,3,0,0,0,0,0,0
2021,2,2021-06-12,5,0,0,0,0,0,0,0
2022,2,2021-06-12,5,1,0,0,0,0,0,0
2023,2,2021-06-12,5,2,0,0,0,0,0,0
2024,2,2021-06-12,5,3,0,0,0,0,0,0
2025,2,2021-06-12,6,0,0,1,0,0,0,0
2026,2,2021-06-12,6,1,0,2,0,0,0,0
2027,2,2021-06-12,6,2,0,0,0,0,0,0
2028,2,2021-06-12,6,3,0,0,0,0,0,0
2029,2,2021-06-12,7,0,0,0,0,0,0,0
2030,2,2021-06-12,7,1,0,2,0,0,0,0
2031,2,2021-06-12,7,2,0,0,0,0,0,0
2032,2,2021-06-12,7,3,0,0,0,0,0,0
2033,2,2021-06-12,8,0,0,10,0,0,0,0
2034,2,2021-06-12,8,1,0,2,0,0,0,0
2035,2,2021-06-12,8,2,0,0,0,0,0,0
2036,2,2021-06-12,8,3,4,0,0,0,0,0
2037,2,2021-06-12,9,0,0,24,0,0,0,0
2038,2,2021-06-12,9,1,1,11,0,0,2,0
2039,2,2021-06-12,9,2,9,0,0,0,0,0
2040,2,2021-06-12,9,3,0,0,0,0,0,0
2041,2,2021-06-12,10,0,0,81,0,0,8,0
2042,2,2021-06-12,10,1,10,2,0,0,2,0
2043,2,2021-06-12,10,2,30,0,0,0,0,0
2044,2,2021-06-12,10,3,0,0,0,0,0,0
2045,2,2021-06-12,11,0,0,64,0,0,27,0
2046,2,2021-06-12,11,1,0,4,0,0,8,0
2047,2,2021-06-12,11,2,0,0,0,0,0,0
2048,2,2021-06-12,11,3,0,0,0,0,0,0
2049,2,2021-06-12,12,0,2,29,0,0,19,0
2050,2,2021-06-12,12,1,2,4,0,0,1,0
2051,2,2021-06-12,12,2,14,0,0,0,0,0
2052,2,2021-06-12,12,3,16,0,0,0,0,0
2053,2,2021-06-12,13,0,0,30,0,0,5,0
2054,2,2021-06-12,13,1,0,8,0,0,0,0
2055,2,2021-06-12,13,2,8,0,0,0,0,0
2056,2,2021-06-12,13,3,0,0,0,0,0,0
2057,2,2021-06-12,14,0,0,24,0,0,1,0
2058,2,2021-06-12,14,1,10,2,0,0,1,0
2059,2,2021-06-12,14,2,20,0,0,0,0,0
2060,2,2021-06-12,14,3,0,0,0,0,0,0
2061,2,2021-06-12,15,0,0,17,0,0,1,0
2062,2,2021-06-12,15,1,5,3,0,0,3,0
2063,2,2021-06-12,15,2,0,0,0,0,0,0
2064,2,2021-06-12,15,3,1,0,0,0,0,0
2065,2,2021-06-12,16,0,0,27,0,0,1,0
2066,2,2021-06-12,16,1,12,3,0,0,3,0
2067,2,2021-06-12,16,2,37,0,0,0,0,0
2068,2,2021-06-12,16,3,0,0,0,0,0,0
2069,2,2021-06-12,17,0,0,158,0,0,6,0
2070,2,2021-06-12,17,1,6,9,0,0,7,0
2071,2,2021-06-12,17,2,42,0,0,0,0,0
2072,2,2021-06-12,17,3,10,0,0,0,0,0
2073,2,2021-06-12,18,0,0,111,0,0,1,0
2074,2,2021-06-12,18,1,27,3,0,0,11,0
2075,2,2021-06-12,18,2,17,0,0,0,0,0
2076,2,2021-06-12,18,3,12,0,0,0,0,0
2077,2,2021-06-12,19,0,0,0,0,0,0,0
2078,2,2021-06-12,19,1,0,0,0,0,0,0
2079,2,2021-06-12,19,2,0,0,0,0,0,0
2080,2,2021-06-12,19,3,0,0,0,0,0,0
